sexo,grupo,desfecho,beta,se,p,valor,N,n_upa
homens,pardo,log_renda,-0.06236091704353614,0.001186290836125123,0.0,6.0456271753950634,4500818,40728
homens,preto,log_renda,-0.08124689380341979,0.0017686294558509352,0.0,7.803396435880239,4500818,40728
homens,pardo,qualif,-0.023886645075508407,0.0006673436173109121,2.7245760489098714e-276,2.388664507550841,4500818,40728
homens,preto,qualif,-0.02681964522194648,0.0010046538528237536,1.169805674985481e-155,2.681964522194648,4500818,40728
mulheres,pardo,log_renda,-0.05609703308494355,0.001264410518581625,0.0,5.455260823771413,3193262,40661
mulheres,preto,log_renda,-0.07017802322755538,0.0019712089617330442,2.14923162552489e-273,6.777215307726269,3193262,40661
mulheres,pardo,qualif,-0.03107245416580815,0.0008827146777839574,2.0435924218778732e-267,3.107245416580815,3193262,40661
mulheres,preto,qualif,-0.040685006195367746,0.0014071496515198501,5.729433799913536e-182,4.068500619536774,3193262,40661
todos,brancas,log_renda_ref_hb,-0.2769412023709872,0.0011808190497731709,0.0,24.190092977201505,7694080,40728
todos,pretos,log_renda_ref_hb,-0.0878930667794516,0.0017189217714285616,0.0,8.414119278095578,7694080,40728
todos,pardos,log_renda_ref_hb,-0.07281239367662415,0.0011460668824715367,0.0,7.022475462007893,7694080,40728
todos,pretas,log_renda_ref_hb,-0.3381705801859165,0.0019601149847306275,0.0,28.69263587109766,7694080,40728
todos,pardas,log_renda_ref_hb,-0.3181363741966572,0.001311149110260397,0.0,27.24964310655179,7694080,40728
