area,grupo,pct_negro_base,pct_negro_top,indice_repr,cutoff_renda
Capital,Top 25%,60.20086145664126,40.79391457455437,0.6776300801598255,4584.6772
Capital,Top 10%,60.20086145664126,32.61046957295813,0.5416944007760639,9637.045
Capital,Top 5%,60.20086145664126,28.02601278896236,0.46554172333808974,15337.969
RM (exceto capital),Top 25%,60.54428054149894,46.16753991822012,0.7625417216177083,3224.3628
RM (exceto capital),Top 10%,60.54428054149894,39.37556481940355,0.6503597774593144,5640.5093
RM (exceto capital),Top 5%,60.54428054149894,34.90116810168898,0.5764568971592061,8135.097
Interior,Top 25%,55.66847964129642,38.99704248620357,0.7005228584916209,3079.4922
Interior,Top 10%,55.66847964129642,33.80017589922566,0.6071690140815657,5295.0547
Interior,Top 5%,55.66847964129642,30.69895872311325,0.5514603402306664,7642.461
