UF,sigla,regiao,beta,se,OR,n,eventos,desfecho
11,RO,N,-0.31019615443706533,0.01584799581636487,0.7333031014588103,136387,33299,ocp_qualif
12,AC,N,-0.3263595063006481,0.01731964314170031,0.7215457405581809,124115,37136,ocp_qualif
13,AM,N,-0.26887255058796866,0.014961582231870269,0.7642406514632268,190987,52767,ocp_qualif
14,RR,N,-0.29171681613344397,0.019471243504549825,0.7469800387204659,87268,26359,ocp_qualif
15,PA,N,-0.268799979498928,0.013167650426834999,0.7642961152521022,259094,58976,ocp_qualif
16,AP,N,-0.30034827019356886,0.02289553566810105,0.7405602606990956,68788,22280,ocp_qualif
17,TO,N,-0.35861464467763676,0.017517903065073656,0.6986435254853804,115922,34142,ocp_qualif
21,MA,NE,-0.2220284492678664,0.011046993469143784,0.8008925792030326,366946,83287,ocp_qualif
22,PI,NE,-0.3066723889558486,0.01670531756776687,0.7358916476513789,145701,39605,ocp_qualif
23,CE,NE,-0.30518783475653705,0.010186401725593782,0.736984930004802,323806,80752,ocp_qualif
24,RN,NE,-0.22836321110970972,0.014244168096933792,0.7958351511664906,136058,38695,ocp_qualif
25,PB,NE,-0.22091705712964047,0.013242702650785249,0.8017831797306628,177159,49346,ocp_qualif
26,PE,NE,-0.24206590719490353,0.011278431772645415,0.785004438406335,258085,67808,ocp_qualif
27,AL,NE,-0.26233930893346413,0.012360120501393722,0.7692499660349376,226544,58179,ocp_qualif
28,SE,NE,-0.23154215042561094,0.01855087829990594,0.793309256475593,127864,31554,ocp_qualif
29,BA,NE,-0.2797587824399686,0.012813111250032866,0.7559660717555018,317333,72745,ocp_qualif
31,MG,SE,-0.3918112452905646,0.007090857941674145,0.6758316683321864,639919,177800,ocp_qualif
32,ES,SE,-0.3796693726240587,0.00987778792446942,0.684087549897682,306371,95828,ocp_qualif
33,RJ,SE,-0.35962774211654186,0.006685422838604355,0.6979360899300855,582142,216345,ocp_qualif
35,SP,SE,-0.4312241420328115,0.00634420020436071,0.6497132664005706,708405,253213,ocp_qualif
41,PR,S,-0.41133728829973887,0.008439729083646059,0.6627633515734019,472725,145897,ocp_qualif
42,SC,S,-0.5627979627699782,0.009164823517553086,0.5696130759528442,578174,190147,ocp_qualif
43,RS,S,-0.4350392444825135,0.010579545338271866,0.647239266009555,457761,152859,ocp_qualif
50,MS,CO,-0.34943602583654465,0.011860425885015576,0.7050856276846434,191721,54666,ocp_qualif
51,MT,CO,-0.36260317889026955,0.011351193040846587,0.6958625116527465,231688,62053,ocp_qualif
52,GO,CO,-0.30036338222702974,0.009593445855480462,0.7405490694122179,301904,84977,ocp_qualif
53,DF,CO,-0.3319616405838159,0.012537223270262446,0.7175148457771457,161331,69469,ocp_qualif
11,RO,N,-0.44379964808497524,0.015598663670985504,0.641593952528161,136387,30109,y_top20
12,AC,N,-0.4420852186608901,0.01900329194908792,0.6426948635261385,124115,25176,y_top20
13,AM,N,-0.38513529296162274,0.01783792672103705,0.680358582250044,190987,30385,y_top20
14,RR,N,-0.42981418447606634,0.020892081280484524,0.6506299806424686,87268,20060,y_top20
15,PA,N,-0.40955441206465437,0.014695691656749043,0.6639460305742727,259094,40626,y_top20
16,AP,N,-0.36477499092560495,0.024810248248435855,0.6943528689984293,68788,16602,y_top20
17,TO,N,-0.49532098866169844,0.01859857009866452,0.6093752733463855,115922,24616,y_top20
21,MA,NE,-0.3751017857862661,0.013932385713647492,0.6872193260714949,366946,38281,y_top20
22,PI,NE,-0.44049558231671004,0.019912624157072657,0.6437173270967347,145701,20594,y_top20
23,CE,NE,-0.3805690492749403,0.013471154536405692,0.6834723690752861,323806,37590,y_top20
24,RN,NE,-0.2635825075857649,0.018093219572548322,0.7682942297220229,136058,20343,y_top20
25,PB,NE,-0.2995425403982415,0.016692102550456903,0.7411571926169982,177159,26127,y_top20
26,PE,NE,-0.3437328621692497,0.014402242166792428,0.7091183350832717,258085,35798,y_top20
27,AL,NE,-0.2978332568979915,0.01630849624963195,0.7424251236955619,226544,27298,y_top20
28,SE,NE,-0.2442652888139563,0.022444237905525896,0.7832798113253887,127864,17341,y_top20
29,BA,NE,-0.2735604038102315,0.01595850572858004,0.7606663878200054,317333,37137,y_top20
31,MG,SE,-0.3784748125705501,0.007648757581095249,0.6849052218397786,639919,134139,y_top20
32,ES,SE,-0.4150480456903627,0.010686768480634188,0.6603085549624709,306371,71581,y_top20
33,RJ,SE,-0.3515580602766999,0.007498784432944539,0.7035909980880413,582142,158949,y_top20
35,SP,SE,-0.37017464132615335,0.006759845161224002,0.6906137104107772,708405,212776,y_top20
41,PR,S,-0.42255480506276943,0.008602770490502324,0.6553703357302021,472725,134895,y_top20
42,SC,S,-0.4512884257263709,0.00904020438073389,0.6368071441245314,578174,187631,y_top20
43,RS,S,-0.45970977900852616,0.010828449785865156,0.6314668838609484,457761,140950,y_top20
50,MS,CO,-0.3778145671880978,0.012000427430232871,0.6853575766660758,191721,52582,y_top20
51,MT,CO,-0.4340029851172343,0.011158001643173153,0.6479103213941972,231688,66750,y_top20
52,GO,CO,-0.347444508639449,0.010088127362227292,0.7064912170006862,301904,73808,y_top20
53,DF,CO,-0.30236220947006237,0.013513137434209276,0.7390703181339837,161331,63352,y_top20
11,RO,N,-0.48606063454288945,0.021500909670528288,0.6150445132399686,136387,12161,y_top10
12,AC,N,-0.46489774185867,0.023912522658009007,0.6281993404022324,124115,12067,y_top10
13,AM,N,-0.3220225856821062,0.023564500997912484,0.7246818227117908,190987,13929,y_top10
14,RR,N,-0.45213244673820996,0.025993970696864214,0.6362698922722207,87268,10255,y_top10
15,PA,N,-0.46844918161009097,0.019397983864650938,0.6259722852597611,259094,18726,y_top10
16,AP,N,-0.40483505057951663,0.03038266332779565,0.6670868373710567,68788,8316,y_top10
17,TO,N,-0.5460529298288969,0.02429732214309849,0.5792315719413953,115922,10932,y_top10
21,MA,NE,-0.41173396781366056,0.019894391079718923,0.6625004990668037,366946,15456,y_top10
22,PI,NE,-0.47064275083946133,0.026431514769503006,0.6246006766256099,145701,9600,y_top10
23,CE,NE,-0.4150827146297439,0.019198355809603974,0.6602856631620254,323806,16492,y_top10
24,RN,NE,-0.25188440855932454,0.02462172727303506,0.7773345861007086,136058,9832,y_top10
25,PB,NE,-0.2969281024410263,0.022084179206639378,0.7430974373331782,177159,13235,y_top10
26,PE,NE,-0.3761270026263737,0.019507093406085002,0.6865151382798295,258085,17442,y_top10
27,AL,NE,-0.3530388883740974,0.02291995770793067,0.7025498718237619,226544,12131,y_top10
28,SE,NE,-0.2468301135702348,0.02927696924946132,0.7812734100079898,127864,8478,y_top10
29,BA,NE,-0.30823301579022283,0.02145766256195073,0.7347440910855592,317333,16860,y_top10
31,MG,SE,-0.45921449162636957,0.010569467279704238,0.6317797189060047,639919,60166,y_top10
32,ES,SE,-0.4706409003006867,0.014496705010117834,0.6246018324744502,306371,33729,y_top10
33,RJ,SE,-0.36948259848364456,0.009914512719610835,0.6910918100996583,582142,82586,y_top10
35,SP,SE,-0.42340498266169413,0.00963526099015176,0.6548133913361351,708405,102144,y_top10
41,PR,S,-0.512930406998636,0.012438771017823518,0.5987384581621975,472725,62036,y_top10
42,SC,S,-0.5644964261288457,0.013540874798213661,0.5686464301532221,578174,79032,y_top10
43,RS,S,-0.5639751976447532,0.01585106441878541,0.5689429021281024,457761,67744,y_top10
50,MS,CO,-0.4758207620727007,0.01605659408530994,0.6213748462063509,191721,24240,y_top10
51,MT,CO,-0.5129184019693634,0.014577406854731126,0.5987456460780599,231688,28753,y_top10
52,GO,CO,-0.4283974851945891,0.013540721291492946,0.6515523808961663,301904,33437,y_top10
53,DF,CO,-0.29067556978364034,0.015291311698263463,0.7477582340353657,161331,40355,y_top10
