"bloco","desfecho","setor","termo","OR","CI95_lo","CI95_hi","beta","se","N","n_upa","prevalencia","minutos"
"cor3","ocp_qualif",NA,"pardo",0.820041488337043,0.816101955885092,0.824000037917709,-0.198400344470769,0.00245695990547999,7699273,41454,0.299833114113501,28.3313333333333
"cor3","ocp_qualif",NA,"preto",0.784858903696938,0.778837079904935,0.790927287113177,-0.242251317868445,0.00392963120448211,7699273,41454,0.299833114113501,28.3356666666667
"cor3","y_top20",NA,"pardo",0.776042106309528,0.771940270038048,0.780165738387564,-0.253548499562822,0.00270387898205111,7699273,41454,0.200058239264928,30.2348333333333
"cor3","y_top20",NA,"preto",0.735145520800986,0.728707197673834,0.741640728236159,-0.307686811881901,0.00448799237535232,7699273,41454,0.200058239264928,30.2398333333333
"cor3","y_top10",NA,"pardo",0.768331648728903,0.762889007042661,0.773813119587215,-0.263533804765629,0.00362700135628839,7699273,41454,0.100011130921062,29.4216666666667
"cor3","y_top10",NA,"preto",0.724879348789097,0.71601882995063,0.73384951389775,-0.321750053439366,0.00627487760928768,7699273,41454,0.100011130921062,29.4273333333333
"setor","ocp_qualif",0,"negro",0.782728552351747,0.77863410016966,0.786844535235697,-0.244969319532052,0.00267588186579207,6599628,41450,0.233831967498774,32.5016666666667
"setor","ocp_qualif",1,"negro",0.786188897985508,0.776312281559277,0.796191169453334,-0.240558187201296,0.00645011625455642,1099645,37906,0.695945509687217,3.97766666666667
"setor","y_top20",0,"negro",0.720097892384045,0.715938993882831,0.72428094997827,-0.328368114569476,0.00295520671242217,6599628,41450,0.160382070019704,26.124
"setor","y_top20",1,"negro",0.840103937048515,0.830067177867367,0.850262055726275,-0.174229660217704,0.00613213472419767,1099645,37906,0.43817868493923,4.5655
"setor","y_top10",0,"negro",0.685496204158227,0.679801280822415,0.691238835776909,-0.377612317328101,0.00425634708023881,6599628,41450,0.0731815490206418,27.3573333333333
"setor","y_top10",1,"negro",0.843371868817709,0.832401955376873,0.854486350636986,-0.170347292722383,0.00667986870398603,1099645,37906,0.261031514716113,3.8615
"topuf","y_top10_uf",NA,"negro",0.761669460019603,0.756553031476627,0.766820490024665,-0.272242596906869,0.00343880112812504,7699273,41454,0.100135168606179,22.645
