"desfecho","modelo","N","n_upa","OR_negro","CI95_lo","CI95_hi","beta_negro","se_negro","p_valor","AME_pp","tau2_upa","ICC_UPA","LL","AIC","BIC","LR_vs_pooled","p_LR_vs_pooled","LL_pooled","AUC_com_RE","AUC_so_FE","cutoff_youden","sens","espec","HL_chi2","HL_df","HL_p","OR_inter_superior","OR_inter_pos","converged","minutos"
"ocp_qualif","M1",7699273,41454,0.804841919463161,0.801128367771232,0.808572684958424,-0.217109394185031,0.00235953631587189,0,-2.74567387728894,0.313806407339962,0.0870795638636422,-3051241.34589067,6102574.69178134,6103212.09705881,NA,NA,NA,0.878640192033148,0.86357219624243,0.3,0.792741337762189,0.789509710661322,2760.0581111795,8,0,NA,NA,TRUE,22.6
"ocp_qualif","M2",7699273,41454,0.81375452283018,0.809990664852329,0.817535870672412,-0.206096527465366,0.00236532081141159,0,-2.6037129326351,0.186496011962134,0.0536468575062934,-3044488.16491711,6089074.32983423,6089753.3050211,77940.2582667544,0,-3083458.29405049,0.87841083846608,0.869835906236731,0.3,0.790650800066017,0.791052902216675,2795.84351095594,8,0,NA,NA,TRUE,25.9
"ocp_qualif","M3",7699273,41454,0.790559815600077,0.786690886114083,0.794447772401159,-0.235013957137005,0.00250302323181248,0,-2.6567781944904,0.186691079148358,0.0536999566866551,-2728632.5845257,5457373.1690514,5458121.42742061,NA,NA,NA,0.906155483405471,0.900326316567256,0.31,0.830705433015507,0.817448730943374,7981.52869156388,8,0,NA,NA,TRUE,29.9
"ocp_qualif","M4",7699273,41454,0.785086016954993,0.780843931761526,0.78935114809408,-0.241961991463866,0.00276428007080486,0,-2.65645706128052,0.186774567111124,0.0537226810991358,-2728603.55923098,5457319.11846197,5458095.09010411,NA,NA,NA,0.906154072303965,0.900322612068983,0.31,0.830669912068328,0.817478411271401,7880.9960292011,8,0,1.04157496396442,0.946987690142619,TRUE,30.5
"y_top20","M1",7699273,41454,0.758841339596716,0.755001474897537,0.762700733477491,-0.275962562177654,0.00258827247484417,0,-2.91007143289661,0.621464894256418,0.158888258763709,-2635603.75338358,5271299.50676716,5271936.91204463,NA,NA,NA,0.872052612282291,0.8448371448028,0.19,0.788968793802258,0.789410079932196,9077.82322149479,8,0,NA,NA,TRUE,21.1
"y_top20","M2",7699273,41454,0.768684498645055,0.764791435627746,0.772597378750985,-0.263074668506126,0.00259053417703985,0,-2.76978316068236,0.297914702419946,0.0830358792681065,-2625648.14912339,5251394.29824679,5252073.27343366,108282.6371836,0,-2679789.46771519,0.871658743364383,0.858650645931991,0.19,0.787422344824362,0.790059863905815,9584.43014408862,8,0,NA,NA,TRUE,23
"y_top20","M3",7699273,41454,0.755066068063981,0.751127489448812,0.759025298834379,-0.280950026192147,0.00266829379987178,0,-2.80142848185186,0.302490413268754,0.0842038480608499,-2483604.10861728,4967316.21723456,4968064.47560377,NA,NA,NA,0.886187441721103,0.874641807473031,0.19,0.807634601763419,0.795466449747279,2955.77284571263,8,0,NA,NA,TRUE,26.5
"y_top20","M4",7699273,41454,0.718519233877378,0.71408352003791,0.722982501296663,-0.330562804333006,0.00315946138140741,0,-2.7863241175307,0.302528575899765,0.0842135767165228,-2483149.71923794,4966411.43847589,4967187.41011803,NA,NA,NA,0.886205892672394,0.874680871718294,0.19,0.808040366083816,0.795022219624385,2630.35846910427,8,0,1.14387796027556,1.05238997154254,TRUE,30
"y_top10","M1",7699273,41454,0.747599558864218,0.742545668025996,0.752687847334402,-0.290887793470168,0.00346077090183571,0,-1.76642643545,0.935109437713587,0.221328852498856,-1638344.28569189,3276780.57138378,3277417.97666126,NA,NA,NA,0.901000951821317,0.868102393104447,0.09,0.834174228227316,0.806765513200544,6084.66434911571,8,0,NA,NA,TRUE,19
"y_top10","M2",7699273,41454,0.760661900164854,0.755514566430497,0.765844302772466,-0.273566303464089,0.00346424156849374,0,-1.65844800072606,0.432416936943581,0.116169752917185,-1629169.92943579,3258437.85887157,3259116.83405844,80790.7672308921,0,-1669565.31305123,0.900369843342536,0.885743611860703,0.09,0.832162573878623,0.807319107668063,6175.80334794975,8,0,NA,NA,TRUE,22.6
"y_top10","M3",7699273,41454,0.739954294671475,0.734800844815304,0.745143887716114,-0.301166858648859,0.00356577411813363,0,-1.73176586034427,0.435029887801575,0.116789744387853,-1537826.38014292,3075760.76028584,3076509.01865504,NA,NA,NA,0.912723428789083,0.900036312537403,0.1,0.833717093088039,0.831907591864066,2836.42737149787,8,0,NA,NA,TRUE,23.7
"y_top10","M4",7699273,41454,0.668019978072209,0.661720152473096,0.674379780388716,-0.40343719859898,0.00483435929847589,0,-1.70790651112049,0.435115941647874,0.116810148136715,-1537315.97191695,3074743.9438339,3075519.91547604,NA,NA,NA,0.912747672890462,0.900105963551994,0.09,0.850167464705141,0.815288934171903,2471.83014045322,8,0,1.20706632777061,1.0368357440713,TRUE,21.6
