UF,nivel,b,se,n_negros,n,sigla,lambda,blup,se_blup,gap_blup_pct,ci_lo,ci_hi
11,sem_fund,-0.12057577727058104,0.011609008781996076,33275,45761,RO,0.8350015713279783,-0.11265792549454388,0.01064620336586544,-10.654376355167084,-0.13352448409164014,-0.09179136689744763
11,fund,-0.07922105823017814,0.012839056428491218,15185,20525,RO,0.5832165393046178,-0.07085567111522349,0.009925721243673254,-6.8403661314277775,-0.09031008475282307,-0.05140125747762392
11,medio,-0.06490996998752055,0.009014437733762521,34347,47498,RO,0.5965295172212621,-0.06480933200982934,0.007040079938328062,-6.275385081840978,-0.07860788868895234,-0.051010775330706346
11,sup,-0.10866417517706503,0.016488446843281428,10566,17076,RO,0.663807919372744,-0.09749089443165293,0.01354757820623223,-9.288939872422475,-0.12404414771586811,-0.07093764114743775
11,pos,-0.11293387798649389,0.02428039888866685,3050,5337,RO,0.3660301718991523,-0.08521329135334385,0.015086815233856155,-8.168360543519881,-0.11478344921170192,-0.055643133494985786
12,sem_fund,-0.11592276213257434,0.016994682923770977,29970,34618,AC,0.7025059060435689,-0.10303102742831777,0.014336246841390312,-9.790101676425177,-0.13113007123744277,-0.07493198361919276
12,fund,-0.06825137020419712,0.017175458017344363,13406,16003,AC,0.43881131744459495,-0.06314364690133423,0.0115657168200246,-6.119139294457132,-0.08581245186858244,-0.040474841934086014
12,medio,-0.06732513410396289,0.011036968715311273,37110,45714,AC,0.49654493024998997,-0.06598363026898287,0.007885529741292176,-6.385381137250857,-0.08143926856191552,-0.0505279919760502
12,sup,-0.0906962427013316,0.01590282083362563,15072,20850,AC,0.6797530262188216,-0.08580707059183541,0.013217161894476977,-8.222872078955168,-0.11171270790501028,-0.05990143327866054
12,pos,-0.12345721808196765,0.02617976246965009,4808,6868,AC,0.33182992472207967,-0.0872098308924363,0.01551009428929222,-8.351523136112228,-0.11760961569944904,-0.056810046085423546
13,sem_fund,-0.052335073513911146,0.014640527753071649,46006,51512,AM,0.7608733107280373,-0.05717817003162327,0.012837022779890787,-5.557421399671558,-0.0823387346802092,-0.03201760538303733
13,fund,-0.09472633650268476,0.018004678297993012,19164,21877,AM,0.41573954199744695,-0.07394034684833474,0.011808897238623273,-7.127290631294159,-0.09708578543603635,-0.050794908260633126
13,medio,-0.07403792462336184,0.009277207805179632,68878,82473,AM,0.5826251138502875,-0.07012403943187312,0.0071630697220346085,-6.772182652124803,-0.08416365608706095,-0.05608442277668529
13,sup,-0.028434150902359272,0.015230282072556873,18564,25037,AM,0.6982669256646367,-0.042614160646534865,0.01282351243769258,-4.171893870928212,-0.06774824502441232,-0.01748007626865741
13,pos,-0.03615104234418098,0.027237631808715187,6502,9521,AM,0.3145039963355772,-0.05881177986900217,0.01572101493904987,-5.711577775171883,-0.08962496914953992,-0.027998590588464423
14,sem_fund,-0.07206499558387895,0.018724070891220926,15049,17928,RR,0.6604814981016344,-0.07224268063347514,0.015329228441138472,-6.96948986169823,-0.10228796837810654,-0.042197392888843735
14,fund,-0.05380505506881696,0.021218612509419952,8795,10805,RR,0.33876959343478347,-0.057339133345428915,0.012590428990348132,-5.572621966687774,-0.08201637416651125,-0.03266189252434658
14,medio,-0.07289354578761846,0.01248362221297225,30972,39121,RR,0.4353256644118011,-0.06824457823846712,0.008365042708812515,-6.596799826292443,-0.08464006194773965,-0.05184909452919459
14,sup,-0.10156819808071639,0.019150258826491722,9933,14520,RR,0.5941136870931638,-0.09095880257704632,0.014911500594277725,-8.6944674349124,-0.12018534374183065,-0.06173226141226198
14,pos,-0.08073896569180589,0.030339363800228756,3078,4879,RR,0.26995738093800287,-0.07232121558655875,0.016253243736413386,-6.976795721560858,-0.104177573309929,-0.04046485786318852
15,sem_fund,-0.10015131587994693,0.01126370867357097,74838,87342,PA,0.8431544531446837,-0.09582818582620452,0.010378015808595823,-9.137988352720306,-0.11616909681105234,-0.0754872748413567
15,fund,-0.07651717146473629,0.013011242109316805,33931,40171,PA,0.5767260649831374,-0.0691659968642666,0.010004590878492009,-6.682823636584967,-0.08877499498611094,-0.04955699874242226
15,medio,-0.08205247467655197,0.008915390488997013,75794,93083,PA,0.6018363009509856,-0.0751276372963851,0.006992617811269284,-7.237492078503827,-0.08883316820647288,-0.0614221063862973
15,sup,-0.027683750416899324,0.01569195482211316,19489,27153,PA,0.6855365050175087,-0.04269800253535199,0.013095386035523104,-4.179927943547224,-0.06836495916497727,-0.017031045905726707
15,pos,-0.06154160100842897,0.02639251362525614,6717,10145,PA,0.3282506916855488,-0.06669181786611955,0.01555385467378552,-6.451654379526206,-0.09717737302673916,-0.03620626270549994
16,sem_fund,-0.09287695794457881,0.02698794789847957,13014,14789,AP,0.48357583693484224,-0.08239942530767137,0.01897734495591839,-7.909594715885659,-0.11959502142127142,-0.04520382919407133
16,fund,-0.01937498827837657,0.02916601645892472,6951,8136,AP,0.21331917747896534,-0.05066503467857353,0.0137821142650055,-4.9402965749827725,-0.07767797863798431,-0.023652090719162747
16,medio,-0.05474814214463166,0.01735614848015388,23275,28512,AP,0.28511822017859867,-0.06183433416298603,0.009450166340964489,-5.996139382544086,-0.08035666019127644,-0.043312008134695636
16,sup,-0.0627933002301205,0.023934198197904984,10157,13660,AP,0.48375906710835126,-0.0693165529237855,0.016862795174705885,-6.696872045380598,-0.10236763146620903,-0.03626547438136196
16,pos,-0.12284315436664485,0.0382756222126382,2559,3660,AP,0.18853261142136649,-0.07932036062850283,0.017192307063293184,-7.625605415339387,-0.11301728247255746,-0.04562343878444819
17,sem_fund,-0.1560872302050338,0.016252371375839434,27424,32791,TO,0.7208300843587971,-0.13277685201893505,0.013882233155451723,-12.433952782490898,-0.1599860290036204,-0.10556767503424967
17,fund,-0.11554559635542455,0.017884720323699355,12445,15121,TO,0.4189906801922478,-0.08277908707727043,0.011774896168229113,-7.944551285862422,-0.10585788356699949,-0.059700290587541366
17,medio,-0.09749291064570978,0.010636595879964105,35070,44728,TO,0.5150153258183469,-0.08156971365654928,0.007735657616605967,-7.833154526392216,-0.09673160258509697,-0.06640782472800158
17,sup,-0.10511845230463267,0.016618070029981218,12345,18092,TO,0.6603038877124071,-0.09503318399919958,0.013619182729724197,-9.0657241661813,-0.121726782149459,-0.06833958584894015
17,pos,-0.056240962418780106,0.031135787676241044,3486,5567,TO,0.25986649174144966,-0.06583865251071822,0.016371898334781934,-6.371808115797995,-0.0979275732468908,-0.03374973177454563
21,sem_fund,-0.09530152811188258,0.00889999850864867,105215,123470,MA,0.8959448925738667,-0.09293810486374286,0.008443317941352238,-8.875009951257129,-0.10948700802879324,-0.07638920169869248
21,fund,-0.08421257962370057,0.011140845642345475,45307,54052,MA,0.6501592006770985,-0.07544458111301777,0.009076057807971886,-7.2668879231432175,-0.09323365441664266,-0.05765550780939288
21,medio,-0.08247848976087774,0.006895569454606956,112340,139455,MA,0.7164504428987714,-0.07742621775863959,0.005882525854176503,-7.450469300429708,-0.08895596843282554,-0.06589646708445364
21,sup,-0.034833582503084756,0.012683830860208273,27225,37195,MA,0.769408450088322,-0.044194626385773345,0.011190420341632175,-4.323227289378828,-0.0661278502553724,-0.02226140251617428
21,pos,-0.03054351374495563,0.022299914176330832,7347,10326,MA,0.40634097707967803,-0.05349731647330389,0.014575162450922212,-5.209151526188571,-0.08206463487711142,-0.02492999806949636
22,sem_fund,-0.057569774376885874,0.014873512114824931,39491,46614,PI,0.7550808450258878,-0.06124810873310611,0.01299319363546211,-5.941015773091074,-0.08671476825861185,-0.035781449207600374
22,fund,-0.08725198962390467,0.018648911003645352,16433,19916,PI,0.39876822347145524,-0.07035603332944192,0.011985017150792575,-6.793808428212134,-0.09384666694499535,-0.04686539971388847
22,medio,-0.07956148715870424,0.01212350657846982,40942,51001,PI,0.4497669986692055,-0.0713624938169417,0.008254165065522566,-6.887569585854547,-0.08754065734536592,-0.055184330288517464
22,sup,-0.11387182592863021,0.01881845252541261,12891,18078,PI,0.602514731236476,-0.09859151311269129,0.014753302606600323,-9.388723237984776,-0.12750798622162793,-0.06967504000375466
22,pos,-0.06256982594156771,0.022732350841351216,6456,9572,PI,0.39710916613267966,-0.06657220621049573,0.014693624769768706,-6.440464237803322,-0.09537171075924239,-0.037772701661749064
23,sem_fund,-0.0667958817365705,0.007959511970788782,78648,98487,CE,0.9150040678058696,-0.06728821711070933,0.007627827716372441,-6.507429908292018,-0.08223875943479932,-0.05233767478661935
23,fund,-0.07411910557276287,0.010008677204962669,37504,48339,CE,0.6972149217604939,-0.0695866096653906,0.008432055310709487,-6.722065782075259,-0.0861134380743812,-0.0530597812564
23,medio,-0.0691494543366554,0.006152181877776945,91730,126431,CE,0.7604351659244747,-0.06807406811641394,0.005400535899460442,-6.580872277365102,-0.0786591184793564,-0.05748901775347147
23,sup,-0.06151994217159155,0.012759859533638613,20612,33767,CE,0.7672810240173109,-0.06475692828074996,0.0112425206855154,-6.270473433819534,-0.08679226882436014,-0.04272158773713977
23,pos,-0.06203568061286514,0.0182003886868626,8437,14725,CE,0.5067914053675924,-0.06557336412681408,0.013229991733471209,-6.346966349114802,-0.09150414792441765,-0.03964258032921052
24,sem_fund,-0.055627459654817336,0.011543131756388138,28395,40354,RN,0.836563688732403,-0.058399483344178764,0.010595329096312408,-5.672694971285841,-0.07916632837295108,-0.03763263831540645
24,fund,-0.043829178866718436,0.013940616394953793,12367,18354,RN,0.5427359989680209,-0.05083472692381716,0.010408774814381178,-4.956426100922718,-0.07123592556000427,-0.03043352828763005
24,medio,-0.041894971729250864,0.008566539027168972,32094,52685,RN,0.6208017787151746,-0.05052763440431679,0.006820523612656611,-4.927234448312068,-0.06389586068512375,-0.03715940812350983
24,sup,-0.0643996434734671,0.017784950052477905,8771,17067,RN,0.6292323175374924,-0.06848910692089075,0.014239405951453322,-6.61963679550428,-0.09639834258573926,-0.04057987125604223
24,pos,-0.00914911473878531,0.02705035768983213,3299,7206,RN,0.317486444785145,-0.0501404417844154,0.01568486948954313,-4.890415847651585,-0.08088278598391993,-0.01939809758491087
25,sem_fund,-0.04220782133686305,0.009324835438825377,45041,61291,PB,0.8869238710292559,-0.04564313276258447,0.008803429331552336,-4.461715380107312,-0.06289785425242705,-0.028388411272741894
25,fund,-0.04863050259204381,0.015033359596465519,15153,21362,PB,0.5051078071955007,-0.05383639860872921,0.010840360528739294,-5.241287960754503,-0.07508350524505823,-0.032589291972400194
25,medio,-0.05106261755417896,0.009007186564216662,40079,61069,PB,0.5969168197115258,-0.05654371103907631,0.007036625956366121,-5.497482444005186,-0.07033549791355391,-0.04275192416459871
25,sup,-0.032554966292027795,0.014931247630535596,12024,22740,PB,0.7065564278808525,-0.0451361823356083,0.01264352469508949,-4.413269927242713,-0.0699174907379837,-0.020354873933232903
25,pos,-0.04743076369410551,0.025022097334061348,5104,10169,PB,0.3521811427154182,-0.06153877531926665,0.01525936060512398,-5.968351603935263,-0.09144712210530966,-0.03163042853322365
26,sem_fund,-0.036496210840441974,0.008800591232649627,61838,82529,PE,0.8980206460081704,-0.04017686283753794,0.008358301123342807,-3.9380473768078184,-0.05655913303928985,-0.02379459263578604
26,fund,-0.04695683048875163,0.01210042337140442,22773,31186,PE,0.6117073007181274,-0.051691254158104744,0.009572542408659594,-5.037798656531455,-0.07045343727907755,-0.03292907103713194
26,medio,-0.059761552829636855,0.0068325273403965605,67623,100038,PE,0.7201671910418682,-0.06113244993461406,0.005843249646170703,-5.930136394852226,-0.07258521924110864,-0.04967968062811948
26,sup,-0.07035466085389178,0.012678325263957634,16835,31511,PE,0.7695624700160911,-0.07152406261991702,0.011186639423619287,-6.90261243451844,-0.09344987589021082,-0.049598249349623216
26,pos,-0.03156197185469721,0.021745652580657224,6125,12511,PE,0.4185388312619306,-0.053451951188938515,0.014417413999593481,-5.2048512148506365,-0.08171008262814174,-0.025193819749735294
27,sem_fund,-0.034213663271242714,0.008020284365475482,63356,79491,AL,0.9138134827910621,-0.037521042991636916,0.007681264079605321,-3.6825850558001694,-0.052576320587663344,-0.022465765395610487
27,fund,-0.02861156864029082,0.010780690524941577,23778,30397,AL,0.6649566914391457,-0.038843183720895125,0.008878207925491955,-3.8098460860008343,-0.05624447125485936,-0.021441896186930893
27,medio,-0.05587836236993834,0.007262328330669938,58286,80110,AL,0.6949320205245487,-0.058557523297702065,0.006105251818252112,-5.687601276261667,-0.0705238168614762,-0.04659122973392792
27,sup,-0.0376615860809991,0.013452590151752524,16441,26469,AL,0.7478704500637112,-0.04718395860992344,0.011707663664919854,-4.608809885849874,-0.07013097939316636,-0.02423693782668053
27,pos,-0.06844798519534026,0.021392816719755174,5396,9258,AL,0.4265216141939616,-0.068884109282676,0.014313401226972791,-6.6565149755508095,-0.09693837568754268,-0.04082984287780934
28,sem_fund,-0.05542571879156399,0.01212511922093535,37708,46410,SE,0.8226640484541294,-0.058469268521916584,0.011040001879659981,-5.679277389352522,-0.08010767220605014,-0.03683086483778302
28,fund,-0.04179703324919667,0.01721809814835697,13772,16902,SE,0.43759048592438093,-0.05155636919997258,0.011578696773733436,-5.024988820071396,-0.07425061487649011,-0.028862123523455043
28,medio,-0.061650797740543786,0.011787492105921645,35193,44744,SE,0.4637145030856921,-0.06326487841154367,0.008145808892833508,-6.130519923120881,-0.07923066384149735,-0.04729909298159
28,sup,-0.05026363236009672,0.02062110931450714,9870,14101,SE,0.5579877723781563,-0.06138719290118491,0.01557487831181938,-5.954096978947199,-0.0919139543923509,-0.03086043141001893
28,pos,-0.08850345084766247,0.027912423374326024,3614,5451,SE,0.3040489644191422,-0.07507509196592953,0.01584720286924184,-7.232617713809775,-0.10613560958964353,-0.04401457434221552
29,sem_fund,-0.06291431542706437,0.008814808199233802,94596,112055,BA,0.8977246191397276,-0.06390372995587303,0.008370477378117452,-6.190469433975654,-0.08030986561698322,-0.04749759429476282
29,fund,-0.06644296920195576,0.01296424955088511,34660,41016,BA,0.5784915902035612,-0.06336881818857151,0.009983192890730064,-6.140276188908967,-0.08293587625440244,-0.04380176012274059
29,medio,-0.05853236098933583,0.007598941474350378,100503,121129,BA,0.6753892558360713,-0.06052163346464512,0.006301136212991423,-5.872659420680271,-0.0728718604421083,-0.048171406487181934
29,sup,-0.07330345403100436,0.01603858423581714,22222,30011,BA,0.6760406987959815,-0.07399216192796244,0.013294776198833045,-7.132102713455057,-0.10004992327767522,-0.04793440057824967
29,pos,-0.0364734197361897,0.02371249958757323,7951,11662,BA,0.3770821821813258,-0.05686466851642373,0.014947959888944734,-5.527808866636552,-0.0861626698987554,-0.027566667134092053
31,sem_fund,-0.04686913653902848,0.005028003969084397,125897,191117,MG,0.9642573762446068,-0.04778840834503831,0.004941173514743695,-4.666451642919267,-0.05747310843393595,-0.038103708256140664
31,fund,-0.045454572247816724,0.005694872994154227,62697,95888,MG,0.8767322428331493,-0.04714274674101471,0.005351836075775569,-4.6048785556196625,-0.05763234544953482,-0.036653148032494594
31,medio,-0.04669126588343212,0.004092099345211634,142178,235638,MG,0.8776716912538313,-0.0488894166923608,0.0038466780765228437,-4.771356914053337,-0.056428905722345574,-0.041349927662376024
31,sup,-0.057033404810697644,0.00827257394900106,36145,82740,MG,0.8869279629648776,-0.059113473245987924,0.00781309207566278,-5.740019677101094,-0.07442713371428697,-0.04379981277768887
31,pos,-0.07022121713065296,0.012264520445152763,13037,35119,MG,0.6935209479046123,-0.06991083268028186,0.010348019856027098,-6.75230373294553,-0.09019295159809498,-0.04962871376246875
32,sem_fund,-0.09619583568670985,0.007427462274141042,52327,79130,ES,0.9251653862900536,-0.09442917785255053,0.007155784144155956,-9.010782713819454,-0.10845451477509621,-0.08040384093000486
32,fund,-0.08074979182478374,0.008747648745597799,30071,43880,ES,0.7508976404490283,-0.07536917174868739,0.007636131661898138,-7.259894714435722,-0.09033598980600774,-0.06040235369136704
32,medio,-0.06816151254527439,0.0054437107419521525,75672,119433,ES,0.8021455572513772,-0.0674688294064198,0.004902302628148257,-6.5243142911986745,-0.07707734255759038,-0.05786031625524921
32,sup,-0.07838791460475905,0.010359718826375323,18104,39901,ES,0.8333808207484417,-0.07789496311982334,0.009497115145835192,-7.493841297619463,-0.09650930880566032,-0.05928061743398637
32,pos,-0.0810135016460048,0.014478945089257539,9650,24612,ES,0.6188481629052155,-0.07651399380152202,0.011576221438295892,-7.3660048819298,-0.09920338782058197,-0.05382459978246207
33,sem_fund,-0.04251196663622512,0.006315746869468055,73632,108823,RJ,0.9447456387428719,-0.04417381742519309,0.0061461685626038026,-4.321236334472278,-0.056220307807896545,-0.03212732704248964
33,fund,-0.035320707631012555,0.006474514805058286,50752,77014,RJ,0.8462163098640556,-0.03898522650694588,0.00598306692098563,-3.8235082331257386,-0.050712037672077714,-0.027258415341814043
33,medio,-0.049920581082979754,0.003931833717168785,146332,252783,RJ,0.8859949533194973,-0.05160101069125415,0.0037126537270818515,-5.029228551570286,-0.05887781199633457,-0.04432420938617372
33,sup,-0.06651925511150593,0.007684660368061625,38830,106731,RJ,0.9008922205668249,-0.06740231609221028,0.0073121767985132565,-6.518096706770393,-0.08173418261729627,-0.053070449567124305
33,pos,-0.0737197065243696,0.013221866888196336,10344,38223,RJ,0.6606762151908667,-0.07218893814555455,0.010903443438926833,-6.964490036280557,-0.09355968728585114,-0.05081818900525796
35,sem_fund,-0.04722642262069031,0.005228252277649927,70057,135103,SP,0.9614655611053398,-0.04820372986909638,0.005130831934841642,-4.706037496519255,-0.058260160461386,-0.03814729927680676
35,fund,-0.03662435720818327,0.005218598794260582,48020,96395,SP,0.8944021483853841,-0.039002990848616595,0.004950841976825629,-3.825216730010972,-0.048706641123194824,-0.029299340574038362
35,medio,-0.05134729275725348,0.003421625896771418,129156,304175,SP,0.9112058990099938,-0.05252943050255954,0.0032742469969871376,-5.117360379280001,-0.05894695461665433,-0.04611190638846475
35,sup,-0.08541124157545439,0.0069977969062275875,31474,133485,SP,0.9164022890281938,-0.08457677935288177,0.006713059096469643,-8.109889996355346,-0.09773437518196228,-0.07141918352380126
35,pos,-0.09690763582383796,0.01482408042578282,6579,41276,SP,0.6076744617948656,-0.08604054738701988,0.011750166567767699,-8.244297407397571,-0.10907087385984457,-0.0630102209141952
41,sem_fund,-0.0827493645465171,0.006111103112468959,50867,117706,PR,0.9480854673264183,-0.0822218596961368,0.005957089501560052,-7.893241174884635,-0.0938977551191945,-0.07054596427307909
41,fund,-0.05163290356848168,0.005800943634386249,30518,74947,PR,0.8726876458457674,-0.052589891652430616,0.005439577259846084,-5.12309691935362,-0.06325146308172894,-0.041928320223132295
41,medio,-0.061729343375706576,0.004361735250739422,58412,179552,PR,0.8632960945550046,-0.062130049286605774,0.004068041159607122,-6.0239336360142115,-0.07010340995943573,-0.054156688613775816
41,sup,-0.12033403467488786,0.00985188855337453,13757,71950,PR,0.8468756735587554,-0.11345803702945466,0.009101318335596261,-10.725834228292685,-0.13129662096722333,-0.09561945309168599
41,pos,-0.1056797836774175,0.01719312390825168,4098,30098,PR,0.5352002058060812,-0.08872792660359215,0.012828186329852019,-8.490548741985215,-0.1138711718101021,-0.06358468139708219
42,sem_fund,-0.09559105390126882,0.006699727733993543,29046,123738,SC,0.9382502460857296,-0.09417064196713029,0.006498305396038508,-8.987255694806374,-0.10690732054336577,-0.08143396339089481
42,fund,-0.06480226824232527,0.005047174717379616,23847,102535,SC,0.9005470818458065,-0.06424010933076105,0.004803761683075499,-6.222019718496008,-0.07365548222958902,-0.05482473643193307
42,medio,-0.07627779104392751,0.004426570527685116,41893,227802,SC,0.8597759205868376,-0.07464877259274406,0.0041204855996775395,-7.193060750190616,-0.08272492436811205,-0.06657262081737608
42,sup,-0.1169790397756204,0.010523620731727334,9120,90468,SC,0.8289757303769485,-0.10987303660603484,0.009622901564020537,-10.405211934062875,-0.1287339236715151,-0.09101214954055459
42,pos,-0.10777381144294414,0.019359317254197626,2840,34279,SC,0.4759449753753439,-0.08756345275801575,0.013654859122429187,-8.383926311904943,-0.11432697663797695,-0.06079992887805454
43,sem_fund,-0.10999920279124557,0.0075925860216279955,27044,111512,RS,0.9220632335108537,-0.10708352109937018,0.007303086157889758,-10.154936972784611,-0.12139756996883411,-0.09276947222990625
43,fund,-0.060074876883229024,0.006978056770424322,18873,75514,RS,0.8256972415634813,-0.059913625631416306,0.006373575617055714,-5.815411858567532,-0.07240583384084551,-0.047421417421987105
43,medio,-0.07474265961876807,0.006001522394970231,31207,173129,RS,0.7693516733478074,-0.07241723540510903,0.0052977821012978035,-6.985727363942429,-0.08280088832365272,-0.06203358248656533
43,sup,-0.10907033136119232,0.015000860102422771,6394,66506,RS,0.7046239516482835,-0.09913359498455859,0.012685699164098709,-9.437828657722813,-0.12399756534619207,-0.07426962462292512
43,pos,-0.08083264372893648,0.022976302835606692,2205,31527,RS,0.3920094115489738,-0.07376525814214988,0.014758729800625084,-7.111028245132378,-0.10269236855137504,-0.044838147732924716
50,sem_fund,-0.06662160176456192,0.008310923482478047,37219,56770,MS,0.9080386884540612,-0.06717031082140407,0.00793542243047247,-6.496405896387502,-0.0827237387851301,-0.05161688285767803
50,fund,-0.05868059650961436,0.009367432782248969,19044,29755,MS,0.7244207646132966,-0.05880988691774807,0.008037930265381143,-5.711399291615848,-0.07456423023789512,-0.043055543597601026
50,medio,-0.07360855214016866,0.007308144594412917,37373,66309,MS,0.692258972396077,-0.07085488142965317,0.006132389582124923,-6.84029256458013,-0.08287436501061801,-0.05883539784868832
50,sup,-0.0664393055096402,0.012785342652450482,11418,27329,MS,0.7665677564421495,-0.06853787473659616,0.011259936982053353,-6.624190640806093,-0.09060735122142073,-0.046468398251771584
50,pos,-0.06720614104429767,0.020602976510930734,4187,11532,MS,0.445018748456268,-0.06831739848297998,0.014069947473272195,-6.603601222524702,-0.09589449553059348,-0.04074030143536647
51,sem_fund,-0.10110241304515345,0.008883487340149552,46716,63730,MT,0.8962906146291036,-0.09814523603611562,0.008429216632391174,-9.34827647772697,-0.11466650063560233,-0.08162397143662892
51,fund,-0.07761774101809643,0.008962066712040834,29905,40445,MT,0.7417288281049313,-0.07284799269233765,0.007777482482867455,-7.025785311450883,-0.08809185835875785,-0.05760412702591743
51,medio,-0.08145008376479901,0.0074201418465171184,58805,84538,MT,0.6857413222256673,-0.07617382367585568,0.006198093423843758,-7.334488203957267,-0.08832208678658944,-0.06402556056512192
51,sup,-0.09126518469618108,0.012491428383954615,17832,31738,MT,0.7747875516891513,-0.0876987604604463,0.011057641530254542,-8.39632183371769,-0.10937173785974522,-0.0660257830611474
51,pos,-0.04999733607759303,0.02005124689955036,6280,11503,MT,0.45846357413339944,-0.06040086722926627,0.013890767775755767,-5.861291329685326,-0.08762677206974757,-0.033174962388784965
52,sem_fund,-0.045383432360302366,0.006949954548819934,57428,81747,GO,0.9338623113236921,-0.04718270206006129,0.006725869262647661,-4.608690021987782,-0.060365405814850705,-0.033999998305271874
52,fund,-0.04623104066421989,0.008027701121477162,32910,46650,GO,0.7816280092588205,-0.04905212608707142,0.007143182380837222,-4.786850248439256,-0.06305276355351237,-0.03505148862063047
52,medio,-0.05455757933652226,0.005542882301303126,74860,115900,GO,0.7963524545358025,-0.05661502230584499,0.004974346734817279,-5.504221297963974,-0.06636474190608685,-0.04686530270560312
52,sup,-0.08656990444800308,0.01116717391911428,21835,42537,GO,0.8114826411549841,-0.0844697189474598,0.010107487336706456,-8.100051677286269,-0.10428039412740446,-0.06465904376751515
52,pos,-0.0797328264686141,0.01771741623241525,6848,14955,GO,0.5202281895381019,-0.07468353899412553,0.013041262076949948,-7.196287257404221,-0.10024441266494742,-0.04912266532330363
53,sem_fund,-0.040319055397835694,0.014113854670662722,18537,24327,DF,0.7739492298648639,-0.04761355199222441,0.01247759175214965,-4.649780508868373,-0.07206963182643772,-0.0231574721580111
53,fund,-0.03403191020882545,0.014126522282035694,13376,18025,DF,0.5361536094911316,-0.04568273197052695,0.0104854215567816,-4.465498545600766,-0.06623415822181888,-0.02513130571923501
53,medio,-0.05274779681428405,0.008777338776234675,42881,63084,DF,0.6092912120411625,-0.0574022099361939,0.006925440073525315,-5.57857793592591,-0.07097607248030352,-0.043828347392084285
53,sup,-0.08753801703071333,0.011153568734965083,20850,38918,DF,0.81185533867452,-0.0852598383684352,0.010097396921046498,-8.172634932746714,-0.10505073633368633,-0.06546894040318407
53,pos,-0.026231341326582717,0.01512885619906871,8316,19980,DF,0.5979294835840201,-0.04351117939152921,0.011900046634550823,-4.257814936258897,-0.06683527079524881,-0.020187087987809597
