bloco,termo,beta,se,gap_pct,N,n_upa,converged
cor3,pardo,-0.0600261674155475,0.0005316274143332,-5.826010963722339,7694080,40728,True
cor3,preto,-0.0768435932716205,0.000832386834553,-7.3965319665020175,7694080,40728,True
idade,negro,-0.0598390534889171,0.0009224061104347,-5.808388050152457,7694080,40728,True
idade,"negro:C(faixa, Treatment('30_39'))[T.14_29]",0.0430546801565464,0.0012650015090152,4.399497909880146,7694080,40728,True
idade,"negro:C(faixa, Treatment('30_39'))[T.40_49]",-0.0121522054132525,0.0012617063856026,-1.2078665556953694,7694080,40728,True
idade,"negro:C(faixa, Treatment('30_39'))[T.50_64]",-0.0317631996193398,0.0012835809219188,-3.1264048037128123,7694080,40728,True
idade,"negro:C(faixa, Treatment('30_39'))[T.65mais]",-0.0986111828185434,0.0024413384033418,-9.390505517617054,7694080,40728,True
setor0,negro,-0.0743468476931534,0.0005473144678191,-7.165035793873143,6595280,40728,True
setor1,negro,-0.047017537594978814,0.0011896816442766443,-4.592933466126004,1098800,37474,True
