uf,area,sub_b,h40_b,h30_b,n_b,sub_n,h40_n,h30_n,n_n,hora_pen,hora_se,hora_N,hora_upas
11,0,2.8866365683731425,38.59119369352813,12.045929689315924,43310,3.7589804534188844,39.09090617867186,13.408014086998882,104349,8.5121631183796,0.006617644013560397,136197.0,681.0
12,0,3.7022601218148146,29.257541557279964,13.917771998097997,25610,4.8104476845308675,28.354741830594936,16.455113026134605,111194,7.788927043755434,0.007788623260730858,124053.0,779.0
13,0,4.772609718891836,28.375267480148036,15.076280261204175,35707,6.0922689208938205,26.451674379089646,19.3914102515473,195617,5.372539994515446,0.006744701523935165,190420.0,976.0
14,0,4.171214111051828,36.430607047086866,10.241824333561311,20476,5.2739337046514265,37.45902834593329,11.836942129936075,72059,6.706554859477764,0.008662288327357865,87253.0,407.0
15,0,7.80044077495533,39.320171849979296,17.62315057263967,52910,9.802319879248872,36.78559959786679,21.213313449875233,242859,6.9330436758400005,0.006120836266658092,257894.0,1403.0
16,0,3.98623292227118,31.526662177750254,11.897555337127644,13083,6.421098524363875,30.15999575733923,14.972164338803998,57792,5.713497619699604,0.012106598726236846,68757.0,293.0
17,0,4.861538716048984,36.33550738044085,12.495676105047716,26818,6.515413633790228,35.843921314143486,14.467918746614181,96225,10.533086716254703,0.007776011022136895,116299.0,632.0
21,0,7.699371716269803,34.938976034558,20.547470191875107,74685,10.277616790959568,31.962978291459308,24.3296115567043,343133,6.625705794508196,0.004664040378772227,364498.0,2407.0
22,0,15.942087884106737,34.18099107288636,26.79239964507471,34221,19.14809050329731,33.18837738294646,29.870263479044723,140012,6.934342217948153,0.00768990891415477,145181.0,837.0
23,0,7.689663420341923,36.9102843332414,18.921623055294834,92388,10.460361095277387,35.92171446790327,22.562991081798003,263210,6.048295101639701,0.004352365505490057,321749.0,2035.0
24,0,8.524096786799817,37.07578034354677,16.245679411133867,54087,10.902029132392924,36.89829200791968,18.845422615477766,91244,4.2048579467410585,0.006309305015745116,135666.0,803.0
25,0,9.250604113897857,36.19777199081438,18.52265045213685,63730,11.970391076203562,34.65716357759983,21.314548144113317,127148,4.027070353046125,0.005766627638225021,176631.0,1095.0
26,0,7.068355564128827,39.69084432394404,14.946512521753885,87852,9.238964642300148,39.77609977613433,16.99676010511346,188341,4.633528399400633,0.004920706878815136,257775.0,1603.0
27,0,7.564466736217932,33.88687762091221,17.448728513342985,62241,8.911172047009366,34.440585761512715,18.221010891484234,179368,4.056588723769272,0.004862736377638662,225725.0,1510.0
28,0,12.427458161454439,38.92738704358089,21.15181520782475,30891,14.548016722560108,38.05165845203064,23.542700283629536,112022,4.901392365536483,0.007412232009272039,127608.0,787.0
29,0,10.969318759131042,33.94472613247511,20.638210808051895,63138,14.169533792463959,34.778592029067106,22.837496447683087,294836,5.3638856970509625,0.005328607965962432,315873.0,2030.0
31,0,4.7947096084029495,46.48535195182619,12.600408483105612,281758,7.163742111605126,46.85210814324143,13.996740979381547,412852,4.562252727928873,0.002939930142887957,640502.0,3133.0
32,0,3.1590119318503898,38.81476774990527,11.72911568458249,132210,4.554092962584243,39.314853926650066,12.431349670376681,197974,7.327137273851103,0.004073085126836361,306956.0,1572.0
33,0,3.585983449767266,36.627975715230455,11.478590692215628,268110,4.195593052765674,39.996652433687935,11.42948485896811,325220,4.994392202408271,0.0030322576335836556,583574.0,3202.0
35,0,4.213803520434847,45.18841153196251,9.586130293161506,438414,5.220958552695497,47.992561156630394,9.951146509428082,294672,5.225454769640248,0.002633163794041328,710434.0,3406.0
41,0,3.7550001725205533,43.38085928224616,11.290139255548164,336265,4.883513811943888,46.07272589078776,11.84679486474073,166010,6.867069804429715,0.003265749947491302,474253.0,2205.0
42,0,1.7827334158353338,48.97535172534012,8.488215622174906,490949,2.5301415696814264,50.75919840557681,8.480683232035222,109515,7.962073568452766,0.0032854190907546407,578822.0,2573.0
43,0,4.1750992338256925,49.5853010508419,11.760276011202487,417409,6.068333321298923,49.28412961491282,12.814320488288915,92613,7.690012503344857,0.004369009247328399,458188.0,2274.0
50,0,3.3774678266417197,47.01575613113044,12.146449688864797,86630,4.581730272229744,49.262767228186384,13.12085930353646,115207,6.210249357930831,0.004911595157480975,191695.0,937.0
51,0,2.1677809478370564,49.65111169453425,8.721727339068204,75512,3.1662996737769595,48.71073742586587,9.627423578052266,165661,7.61582065395483,0.004934876244701781,231954.0,1066.0
52,0,3.369529433301386,42.521216584030846,10.291970549803638,111965,4.100502723368343,44.61965487938062,10.465560266268676,201325,5.388801653911268,0.003924774340928524,301789.0,1413.0
53,0,4.463263329916965,32.85822351458787,10.036727111148787,61984,5.57893764607241,38.03467756089858,10.510234157474132,107070,5.2770032896302554,0.005547470316522709,164334.0,669.0
11,1,2.409183880386345,31.145706070512958,7.781750551177879,11392,2.4337470974969153,33.73659265342514,8.75297686771776,37915,9.03395042693802,0.01134270975699336,48598.0,233.0
12,1,2.981275646362224,27.700265266733204,10.034709216828496,16017,4.1212020202450805,28.6792191179152,12.401579836748311,59914,6.9178217274992075,0.009400531289357533,73383.0,400.0
13,1,3.929837981410596,30.195896477594264,10.720030637802274,22216,4.713345819755344,31.9973101402253,12.302584518228395,85204,6.300213511706431,0.007678455431679782,103058.0,440.0
14,1,4.171400950777706,36.38536276202614,9.505860626888296,15253,5.191657145774776,38.1926995984153,11.205144382142112,47635,7.105376996494384,0.009832872677152875,60559.0,236.0
15,1,7.980170224856807,36.15052685568315,14.914780771893474,14592,9.873135095748257,38.46959992779166,17.14200478204444,50173,6.082817117312944,0.010923353803438852,61735.0,299.0
16,1,3.686314992055402,31.032480686644348,12.31830049514528,8951,6.818267626141074,29.17757513704861,15.65039433921391,33224,6.02044057097083,0.014902278945053072,41289.0,159.0
17,1,3.6712709974727824,31.36149183496009,7.80566396728014,7899,3.5094795115183257,33.437045673023924,8.320525479808415,20832,5.664641107580904,0.01197449964316886,28219.0,142.0
21,1,4.573444321157172,31.335203099544895,13.345387200499173,14458,6.358376101077471,32.88269199410761,14.577000730338701,52216,6.798714281908058,0.008959674095056474,64993.0,327.0
22,1,7.117723271475118,40.0910387665568,14.083140657785032,10548,8.859983981588417,42.941759155956035,15.494686054702234,43236,7.515177066450662,0.012804424425718176,51400.0,229.0
23,1,4.955429732417581,39.26408594624714,13.322853510870333,27268,6.482155480596538,41.8462840328511,15.053261547946242,64384,4.7671104496600725,0.007771010266786428,88507.0,496.0
24,1,5.761049591600219,38.359726263567914,12.716489490291726,17465,7.517588551084807,41.72156587701777,14.734023825949494,26092,4.3374244589114985,0.012118796083304968,41927.0,214.0
25,1,6.248001484183033,37.812432095513124,12.736886355577395,20030,7.809652961228111,42.40683961641402,14.669111459669804,33672,3.340561709078782,0.010771793257619053,52084.0,289.0
26,1,5.935793578795537,39.01982865346329,12.621876979171684,19606,8.435890132274713,42.91079731855193,14.638453242501596,32139,3.971770015115905,0.010712646040804338,50005.0,246.0
27,1,5.842138152203631,36.79724708264966,12.580575091361922,22827,6.258713527978665,39.36931160716621,12.291091564364,59982,4.173982579212132,0.007525933009904901,80323.0,416.0
28,1,6.014683766479554,39.46611358597749,11.073843754899027,8555,6.935065929612677,41.87592635727993,13.037441466011046,27686,5.397601736159396,0.014571563238056067,35401.0,198.0
29,1,6.482980308614842,35.57242983765374,13.279148772211474,9367,9.981137268771118,40.75011763007178,15.730548703112177,50143,4.683313902997321,0.013107120317825153,56986.0,299.0
31,1,5.269114104858467,40.33391926449059,12.151050822752687,42262,6.254114803772061,44.587401734509726,12.183759974738626,60632,4.126649085026757,0.007541466088638267,99155.0,405.0
32,1,3.530193863392808,33.195692445433686,11.898708332999082,20141,5.57973822477345,37.39350405735977,13.013826024309122,22024,6.718449776232916,0.012832433256482114,41110.0,200.0
33,1,3.46097676640743,34.55209045029533,10.501561613861158,109425,3.6034906588973348,39.2250649305028,10.024537666520219,104055,4.243941594776846,0.0050880443234664445,210812.0,1120.0
35,1,4.262509519245382,43.06857688883265,9.285096274253723,103419,5.004337291199273,46.904427891686616,9.360237536930494,74759,5.506702930679985,0.0057020307505846225,174190.0,823.0
41,1,4.180152043119347,39.899064678536455,10.691941132688749,68069,4.120839954348394,45.11342987137487,9.902643226312955,21089,7.270492718219179,0.008370008410627799,87509.0,382.0
42,1,4.362434663802913,29.53037755500343,14.294441384044775,36207,4.355883538738412,35.88156327506656,11.76081051520584,8033,8.196448747849129,0.014830421272746239,43478.0,243.0
43,1,4.989921061362222,38.737946823303666,11.837800076846953,60888,4.906645518049569,42.89737011899118,11.29392269473129,16231,5.010388721056314,0.009940738934110585,75290.0,382.0
50,1,2.995633646496219,39.37418658635985,10.944608940929953,29646,3.782497571109595,42.80885628434134,11.226227026125159,36643,4.9213348296840875,0.008103590041415549,63999.0,314.0
51,1,2.6073992295465027,37.60968803181506,8.64093436535626,11305,3.4564298998732874,36.709125426467395,9.005194056526884,31947,7.278299424473023,0.012959461486638386,42546.0,199.0
52,1,3.1341917328236457,37.55425177900321,9.182815032479805,34170,3.4772762373434483,41.834062369106,9.03854109234133,47147,5.721976234963833,0.007748051819018991,79757.0,335.0
53,1,4.463263329916965,32.85822351458787,10.036727111148787,61984,5.57893764607241,38.03467756089858,10.510234157474132,107070,5.2770032896302554,0.005547470316522709,164334.0,669.0
13,2,5.433549675621332,25.251670378113506,22.57787381226964,2718,6.024814393468385,22.79410598046061,22.903865072859432,20723,1.5582818551946098,0.025648840229495477,18332.0,109.0
14,2,0.0,49.48184698414873,14.494651964810117,30,1.5054885728379541,34.76549902180804,11.364684068230535,133,,,,
15,2,9.309480707875156,39.26643684963865,16.347096183848212,5474,10.858927239071638,38.830948765019215,17.86629195809701,24615,4.861753007596937,0.016380626812605704,28231.0,154.0
16,2,5.6158605267762995,37.837778013085746,11.328706270207546,2512,6.1019530630726475,39.16052422087814,11.013727819251143,12713,8.054072617971242,0.025342168345597722,14839.0,57.0
17,2,0.0,51.75693068875299,12.827638944498194,82,1.5489523186020253,61.44501106505099,5.625599640740391,282,,,,
21,2,4.278824968164051,37.68010637109703,11.585299046461534,5323,5.654734602042337,35.710604347901565,13.418362742594642,28308,5.000410911553965,0.01589138429298042,32383.0,251.0
22,2,12.176742548160362,38.26364596477069,20.522697988181584,1718,16.44600001848174,32.48235899621487,25.898922329049732,14967,2.9003298689019075,0.02655702535553724,14726.0,88.0
23,2,6.012189297232999,42.347732084795695,14.11384043972062,9902,7.041184605115267,41.36637050289952,15.118326272236212,33784,6.401666314267851,0.012146547618611529,41432.0,284.0
24,2,8.911338413531803,41.00260312754517,15.448683945957281,7763,10.305797687508937,40.54173055238926,16.56041364722141,16780,4.409389802001051,0.014166298988925014,22992.0,166.0
25,2,8.95791023722603,43.825647073971425,15.120000694459524,6596,10.426945269224895,41.02406574828365,16.91800022224476,17949,5.026636843226573,0.013811851934337404,23284.0,151.0
26,2,4.119773750807991,42.68047525271431,11.064329972623007,15822,5.52443240684134,42.71111485629826,12.36589180565347,44805,6.310411888984646,0.009623186947683274,59189.0,369.0
27,2,5.578284051101836,42.06655561051443,11.513078011997376,3482,5.802989220154166,39.49300744823751,12.673339395783534,13338,3.7842202431455085,0.019384334555226687,16127.0,109.0
28,2,8.752266661253119,44.648959570325815,12.31031887352584,2737,7.954646934355275,43.626458337330945,14.641033435532242,15228,0.7821081469168378,0.017147979867416636,17291.0,117.0
29,2,8.304905306681002,39.42234331261,14.931049560282991,3084,11.001980854091952,39.64249271949491,16.940638373999057,24180,8.46261468505325,0.022461890139303296,25336.0,176.0
31,2,4.666115359323107,46.91007936580719,11.68466394178211,28692,6.338876222677419,47.929388205263656,12.264007871854519,67019,5.559346456545244,0.007820472767050508,91078.0,455.0
32,2,4.199985604207912,40.85466073136262,12.264106797180595,34567,5.314754237366747,42.05943790737347,12.51683606611337,77000,5.465888188470713,0.006515129234825756,107932.0,561.0
33,2,3.9919318770051504,37.30696954314564,12.418366034810877,67498,4.467291589020924,40.09525756029314,11.841177921293838,118181,4.697218838966711,0.005149034481407395,182637.0,1024.0
35,2,3.560165142059293,43.6145496607268,8.099284718981988,70274,4.200498861991534,46.11847177205458,8.722229988141004,62989,4.917305597699784,0.006113524025712997,129863.0,611.0
41,2,3.147847686709299,41.03251650023328,9.232644984684288,39392,4.090868425362965,42.65486453299274,9.826847792459352,20453,6.159633118730124,0.0072319381830398665,58521.0,258.0
42,2,3.148083509370213,37.82483254405854,9.237667023346965,27023,4.110243552389313,41.25291805835426,8.968717338922175,7484,7.022981851854626,0.012676833752662691,33893.0,210.0
43,2,3.724098582322382,52.89555233357285,9.267829040705024,73068,5.624603701995236,52.80181912668158,10.175671636182402,16148,5.936925811942539,0.00888887996027047,86971.0,408.0
51,2,2.8967589914430234,47.67695713091758,7.949115227836553,5411,4.11175847775992,46.44221920591604,9.648937555029553,18004,5.873822014410357,0.015106989256151827,22912.0,119.0
52,2,3.3986259426494296,39.50866479350697,9.413287384528681,25665,4.164443457157437,41.441387505259804,9.649150135544451,61445,4.906641554342928,0.007104762450089864,84568.0,415.0
11,3,3.0235922832273507,40.726907043782425,13.269095286293881,31918,4.355999546623633,41.50303034630786,15.505113505052783,66434,8.1816728415245,0.008099624039809579,87599.0,448.0
12,3,4.654319994022153,31.313924623279775,19.04535571338925,9593,5.480062297772747,28.039506284674065,20.39319374179157,51280,9.571967901475698,0.013526233078422096,50670.0,379.0
13,3,7.398079155649661,23.17914352802117,27.501361065198953,10773,8.274269381863927,18.720741312942646,29.582787563283787,89690,5.769345039277751,0.014636782692691513,69030.0,427.0
14,3,4.1871936964480705,36.59022003067444,13.678900122165633,5193,5.552884231223908,35.10699105333153,13.872803006022222,24291,6.326251406851069,0.018486073414709453,26539.0,160.0
15,3,7.49960613645163,40.480961480979325,18.80697802167458,32844,9.646102662334059,36.121369754237556,22.607986316037707,168071,7.701296591775253,0.00805947010621307,167928.0,950.0
16,3,4.023440296578904,27.95145469262505,10.12304802878346,1620,5.431157678828434,27.160364455147167,15.546601377726207,11855,0.10632887353042575,0.033628419307808285,12629.0,77.0
17,3,5.380074759717809,38.39641975159088,14.481060813264882,18837,7.342254446013959,36.427071301909706,16.15537227111363,75111,12.37841300871888,0.00936778026334444,87743.0,475.0
21,3,9.17142693969652,35.87240332074746,24.06258831750671,54904,11.906462561921636,31.226870422789183,28.304106121369077,262609,6.759466700697825,0.005746761813237011,267122.0,1829.0
22,3,20.432504351954726,31.101116093627155,33.29900834291532,21955,24.663253914672055,28.272565266039273,37.59533301174629,81809,7.072584595626252,0.010340901503875736,79055.0,520.0
23,3,10.326633595660892,33.53901716935033,24.69981384616291,55218,13.899119297639908,30.694450477682615,29.352257675751854,165042,6.682202790321612,0.005769481560249361,191810.0,1255.0
24,3,10.015029669532948,34.565654210396424,18.721580459929534,28859,12.815169264120154,32.87848702343198,21.892008741563696,48372,4.15473948018813,0.00844965253926877,70747.0,423.0
25,3,10.63127926126455,34.197875249956816,21.66089919888387,37104,13.806237103653071,30.491269801971697,24.659585912589357,75527,4.29022936897927,0.007721574279085821,101263.0,655.0
26,3,8.675819635094369,38.810996714135264,17.406529074528386,52424,11.417075487313564,37.188663551963174,20.18249174772406,111397,4.23986405755199,0.00666648718750455,148581.0,988.0
27,3,9.228058464970804,30.343542407631208,22.199700040528825,35932,11.397132915724608,29.95986780472898,23.510106884796496,106048,4.047757453557532,0.006629434894895347,129275.0,985.0
28,3,16.95658938358632,37.51683673296719,28.852971715298857,19599,20.43473042360025,34.456769794677754,31.610461891251706,69108,5.450263822449619,0.009448128183317783,74916.0,472.0
29,3,12.289131763064098,33.17168391853852,22.890310172352805,50687,15.792525441769852,32.42651961233126,25.648643009829215,220513,5.16465298431007,0.006002824065183852,233551.0,1555.0
31,3,4.732201060269247,47.46259226693506,12.798808365399408,210804,7.523758679665052,46.97370072174366,14.736237222429136,285201,4.537887555707498,0.0034968184194065018,450269.0,2273.0
32,3,2.498682881039031,38.7402808785834,11.393818472959412,77502,3.6433731718272444,36.92333080624855,12.254663530305395,98950,8.7691629101316,0.0054856864630485995,157914.0,811.0
33,3,3.4214995341850143,39.539723029789265,12.27169398710388,91187,4.655345380541606,40.9577891944028,12.850583143676689,102984,6.029633982621673,0.005408981563549669,190125.0,1058.0
35,3,4.398611564889649,46.687702722993905,10.200602070634691,264721,5.8491960642380745,49.53063741684557,10.89145786371581,156924,5.257155258509094,0.0033756934979192327,406381.0,1972.0
41,3,3.766258701820604,44.908824627902696,11.918717165208761,228804,5.16815879885464,46.940476054851985,12.572263210355652,124468,6.974781192879798,0.003990256907366929,328223.0,1565.0
42,3,1.4321063091597859,51.700944884385876,7.922701971254166,427719,2.204410251929649,53.025672813003624,8.166048838769138,93998,8.016935430651905,0.003459105494028619,501451.0,2120.0
43,3,4.18850217171608,50.40272924948778,12.667134863442882,283453,6.486715928226186,49.50016061942624,14.081858547670217,60234,8.948099027507928,0.005645201222516964,295927.0,1484.0
50,3,3.59002703745067,51.26966025034574,12.81548963914301,56984,4.9805325860704945,52.4831492447383,14.066245716091933,78564,6.827491326684687,0.006097940551054924,127696.0,623.0
51,3,2.0202593990050084,52.19444825532027,8.80198626578354,58796,2.952720354788311,52.3299778344164,9.79536846794478,115710,7.88265536446362,0.005674740638981027,166496.0,748.0
52,3,3.490990312042742,47.34535294503481,11.497614127954757,52130,4.324812374021731,48.57087052473041,11.798725815943845,92733,5.405367672433037,0.0059023447582524135,137464.0,663.0
