subocup,h_menos30,h_30_39,h_40_44,h_mais44,h_mais40,efet_menor,VD4031,periodo,grupo,sexo,n
4.560549873197398,11.728527047240192,10.171387807389406,56.133885152645256,21.966199992725144,43.57334638861147,9.660720938844825,40.45717882779051,2016-2025,branco,todos,3482353
7.653625141969149,15.833924397829433,11.080031554869992,52.33191196642423,20.754132080876346,40.93494132562071,9.096187176282344,39.0572431346657,2016-2025,pardo,todos,4008185
7.64833500279753,14.483904404303969,10.792349527064712,53.16199313237951,21.561752936251818,42.38332507213032,9.45624280760348,39.56926452630493,2016-2025,preto,todos,799343
3.608592008587426,7.631007168817755,7.990157311177136,57.853525572008145,26.525309947996973,49.95200155526768,9.01710002471678,42.361375012603105,2016-2025,branco,homens,1941195
5.742136613777257,16.814440339831137,12.87876922445328,53.999437406980746,16.307353028734852,35.6560481048895,10.45959446714449,38.09365724024717,2016-2025,branco,mulheres,1541158
6.422259115718469,11.016824677230268,9.465976167000449,55.180880009803765,24.33631914596551,46.39696697920407,8.585102589298574,40.93685555414995,2016-2025,pardo,homens,2386123
9.414543894370567,22.722632588048608,13.388216399443095,48.25773650142883,15.63141451107948,33.12395483220703,9.827065253228607,36.369297644733365,2016-2025,pardo,mulheres,1622062
6.103664341680749,9.624626682690586,8.822542139718555,56.262939337014615,25.28989184057624,48.36745268423694,8.950033841867588,41.53299465940765,2016-2025,preto,homens,474063
9.83136645219886,21.351359295942704,13.57621251099086,48.7795294409115,16.292898752154944,33.92615740312386,10.171651030202481,36.793990322805186,2016-2025,preto,mulheres,325280
7.65262016496107,15.577458734087296,11.025380095957082,52.48960394003021,20.90755722992541,41.2100933238751,9.164587575471787,39.15451273562472,2016-2025,negro,todos,4807528
6.361973796483815,10.753389406541446,9.34422393218025,55.38563004742999,24.516756613848308,46.769827331775836,8.654155815693368,41.049658522677184,2016-2025,negro,homens,2860186
9.49417398099333,22.460663534351518,13.424131314233906,48.35742020661656,15.75778494479802,33.277208198684924,9.892895172349023,36.45043124488953,2016-2025,negro,mulheres,1947342
3.1743678225610026,11.022774097019708,9.94708426313386,59.06715238595888,19.96298925388757,42.10840770258114,7.063739231449051,40.42929227638932,2025,branco,todos,353912
5.39800696991014,14.745224464217142,10.903207837482666,55.13773783162246,19.213829866677724,40.70923539584604,7.312225058137181,39.250972709109604,2025,pardo,todos,408689
5.49628806700746,13.198721149913482,10.531431732106384,56.797965023342655,19.471882094637472,41.86678444772487,7.538060479341356,39.67146761083461,2025,preto,todos,93560
2.632472450027635,7.498287588463956,8.07705596856776,60.321687957609385,24.10296848535891,47.65698984066176,6.5514742232549095,42.12167156162067,2025,branco,homens,194018
3.829369925884827,15.282906575080881,12.207432899236,57.55076475879745,14.95889576688568,35.40170165724759,7.6829263934610275,38.3836723142444,2025,branco,mulheres,159894
4.603411551780251,10.36934799797776,9.40618214826523,57.66650455034116,22.557965303415834,45.7291152904945,6.879675694203369,40.99470348930699,2025,pardo,homens,238200
6.488657952041119,20.751493638056832,12.958005160707861,51.666786650149824,14.623714551085484,33.8190157792223,7.9059364964750065,36.8575512966501,2025,pardo,mulheres,170489
4.519737811029527,8.679471342803097,8.812622277495185,59.73276831695797,22.775138062743753,47.281988691929286,7.238829372167379,41.48744560774182,2025,preto,homens,55344
6.881454139177418,19.608950901173085,12.969438917582126,52.63515832094963,14.786451860295138,34.185707977747256,7.962498212942864,37.09563385960178,2025,preto,mulheres,38216
5.418526969861547,14.42233177303223,10.825585121725835,55.48437480352851,19.267708301713412,40.95091876314486,7.359376982250793,39.3387673676737,2025,negro,todos,502249
4.585751068672135,10.012676503961243,9.280903249803899,58.102617672807646,22.603802573427217,46.05687038102862,6.955479971698233,41.098703427414215,2025,negro,homens,293544
6.569434580759569,20.516535271670772,12.96035645729407,51.86592758245862,14.657180688576545,33.89442424942704,7.917568138839235,36.90651181974503,2025,negro,mulheres,208705
3.678610520310108,10.977079544324178,10.17913717133603,55.84205195812171,23.00173132621807,43.71716038298874,7.245941313477257,40.562625719277364,2016,branco,todos,405654
6.705965135665032,15.439993815949867,11.204756583485263,51.55563659278856,21.799613007776312,40.28092109600372,7.113778074893832,39.06618019365857,2016,negro,todos,548729
4.711147905045202,11.903401930783719,10.022118176721516,55.5983078784224,22.47617201407236,44.68571663661403,10.293481162999607,40.49319002181209,2017,branco,todos,397847
8.152318344572716,16.283179222089302,10.998823380716056,51.596094474572496,21.12190292262216,41.28049183723193,9.444477037514226,38.937677333951996,2017,negro,todos,541906
5.141371572275372,12.543275366786192,10.373318683852094,53.954820396595004,23.128585552766737,44.944984433170646,11.38207007877509,40.41783334078277,2018,branco,todos,388666
8.897957480466582,16.942884884798207,10.95155397650312,50.51999936463937,21.58556177405931,41.65495889171037,10.163811103784608,38.91526658653207,2018,negro,todos,536754
5.4116079816075215,12.702360982673888,10.19702611930098,53.5459245047712,23.55468839325394,44.75396769112336,10.126641202574248,40.441631430940696,2019,branco,todos,383713
9.188703749932369,16.945234668462543,10.90657920036408,50.28654176682872,21.861644364344663,41.97536005198848,9.28349143296345,38.97499931202424,2019,negro,todos,537087
5.336697744225502,11.773123250908158,10.384825691835333,55.498281864541646,22.34376919271487,43.83171548974663,19.17617643053071,40.50457921621647,2020,branco,todos,261046
8.980752306568707,15.553458601089718,11.621130136467697,52.116835478583376,20.70857578385919,41.50620039056771,18.188045561450245,39.07591692229134,2020,negro,todos,348328
6.183500075977632,11.722203991480939,10.633569593094085,55.454518592345316,22.18970782307966,44.03413263793219,8.585158072547891,40.49488433530967,2021,branco,todos,268647
9.898821119961221,15.502645601535562,11.518875063676946,52.00079152253508,20.977687812252416,41.87473468909197,8.134963652636937,39.17956136321059,2021,negro,todos,364127
4.786400987033316,11.877101769424067,10.041339061956977,56.0893289393505,21.992230229268436,43.18492489713008,8.256728414783755,40.497147040359074,2022,branco,todos,340091
7.56631053982361,15.240198282202435,10.896937025711496,51.968792222029336,21.894072470056724,41.504214630462535,7.885844178314268,39.40847480447045,2022,negro,todos,471854
3.830075649984247,11.489318184900482,10.139634253799686,57.85405041915803,20.516997142141786,42.30795018039542,8.013362540877775,40.31873248406605,2023,branco,todos,337854
6.417430478655841,14.862202440747065,10.774975735858492,54.231082251438025,20.131739571956413,40.39801694694961,7.762010664143112,39.26515855483638,2023,negro,todos,468610
3.616225658012421,11.368420928375404,9.857402461127206,57.97832888502001,20.795847725477376,42.443856974867785,7.448775223564148,40.4224829998667,2024,branco,todos,344923
6.043470086745851,14.906235054383668,10.719057419259533,54.27951504902542,20.095192477331373,40.79743997470395,7.553003338913933,39.299535160322314,2024,negro,todos,487884
