uf,area,bairros,pen,renda,pneg,com_pen
RO,1,233,7.6,2116,76.9,77.7
RO,3,448,7.3,1911,67.4,80.4
AC,1,400,6.6,1733,78.8,77.2
AC,3,379,8.2,1485,83.9,82.6
AM,1,440,6.3,1792,79.2,80.0
AM,2,109,6.5,1416,88.1,71.6
AM,3,427,7.7,1092,88.8,79.2
RR,1,236,6.6,1806,75.7,80.9
RR,2,11,3.4,2074,80.6,72.7
RR,3,160,6.5,1499,82.5,75.6
PA,1,299,8.0,1604,77.3,77.3
PA,2,154,5.9,1576,81.9,76.0
PA,3,950,7.0,1451,83.3,78.0
AP,1,159,5.4,1891,78.7,74.2
AP,2,57,6.9,1770,83.4,77.2
AP,3,77,6.0,1575,87.6,76.6
TO,1,142,6.7,2323,72.5,79.6
TO,2,15,6.0,1974,76.6,93.3
TO,3,475,9.1,1580,79.9,82.7
MA,1,327,6.3,1596,78.4,82.3
MA,2,251,5.3,1498,84.1,73.3
MA,3,1829,7.7,1143,82.1,78.4
PI,1,229,5.5,1770,80.3,80.8
PI,2,88,6.1,1464,89.4,79.5
PI,3,520,7.1,1143,78.2,79.0
CE,1,496,5.9,1631,70.2,77.6
CE,2,284,6.1,1562,77.2,76.4
CE,3,1255,7.3,1252,74.5,78.4
RN,1,214,6.0,1685,59.8,72.0
RN,2,166,5.1,1580,68.1,74.7
RN,3,423,6.4,1468,62.5,76.4
PB,1,289,4.6,1874,62.7,70.9
PB,2,151,5.5,1561,73.1,74.2
PB,3,655,5.1,1412,66.9,70.2
PE,1,246,5.7,1744,62.0,72.0
PE,2,369,5.8,1582,73.9,77.2
PE,3,988,5.6,1424,67.6,71.0
AL,1,416,5.4,1587,72.4,75.0
AL,2,109,5.2,1562,79.3,73.4
AL,3,985,5.9,1452,74.5,75.0
SE,1,198,5.4,1844,76.3,75.8
SE,2,117,5.4,1579,84.9,79.5
SE,3,472,6.3,1286,78.0,76.9
BA,1,299,6.6,1620,84.2,78.6
BA,2,176,6.0,1584,88.4,77.8
BA,3,1555,5.8,1431,81.2,74.6
MG,1,405,5.0,2587,58.9,72.8
MG,2,455,5.8,2071,70.0,78.0
MG,3,2273,5.2,1856,57.3,72.3
ES,1,200,7.6,3319,52.2,77.5
ES,2,561,5.2,2140,69.0,75.9
ES,3,811,6.7,1881,56.9,80.6
RJ,1,1120,5.5,2606,48.8,70.8
RJ,2,1024,4.9,1904,63.7,72.1
RJ,3,1058,5.8,1883,53.0,73.0
SP,1,823,5.8,2618,41.9,73.4
SP,2,611,4.5,2356,47.2,71.7
SP,3,1972,5.1,2381,37.2,72.0
PR,1,382,6.1,3304,23.7,78.5
PR,2,258,6.0,2418,34.1,82.6
PR,3,1565,5.6,2230,35.6,74.9
SC,1,243,5.2,3403,18.1,72.0
SC,2,210,7.0,2862,21.7,78.1
SC,3,2120,5.7,2666,18.2,77.9
RS,1,382,5.7,3403,21.0,74.1
RS,2,408,5.9,2345,18.0,76.2
RS,3,1484,7.5,2349,18.3,78.8
MS,1,314,5.2,2571,55.2,74.8
MS,3,623,6.1,2294,57.9,76.2
MT,1,199,7.0,2428,73.9,77.4
MT,2,119,6.6,2226,77.0,80.7
MT,3,748,6.5,2489,66.4,78.5
GO,1,335,5.4,2428,58.0,71.3
GO,2,415,4.7,1994,70.5,72.3
GO,3,663,5.4,2124,64.0,73.3
DF,1,669,6.4,2595,63.3,76.2
