grupo,quantil,b_negro,ci_lo,ci_hi,gap_pct,p_valor,se_cl_upa
Global,0.1,-0.05846,-0.0607,-0.05623,-5.68,0.0,0.00173
Global,0.25,-0.0538,-0.05526,-0.05235,-5.24,0.0,0.00107
Global,0.5,-0.05516,-0.05626,-0.05406,-5.37,0.0,0.0009
Global,0.75,-0.07068,-0.07193,-0.06942,-6.82,0.0,0.00109
Global,0.9,-0.09092,-0.09274,-0.08909,-8.69,0.0,0.00143
Global,0.95,-0.1063,-0.10876,-0.10384,-10.08,0.0,0.00199
Homens,0.1,-0.0487,-0.05145,-0.04594,-4.75,0.0,
Homens,0.25,-0.04838,-0.05023,-0.04653,-4.72,0.0,
Homens,0.5,-0.05718,-0.05867,-0.05569,-5.56,0.0,
Homens,0.75,-0.07545,-0.07715,-0.07375,-7.27,0.0,
Homens,0.9,-0.09596,-0.09843,-0.09348,-9.15,0.0,
Homens,0.95,-0.11269,-0.11597,-0.10941,-10.66,0.0,
Mulheres,0.1,-0.07415,-0.07789,-0.07042,-7.15,0.0,
Mulheres,0.25,-0.05844,-0.06068,-0.0562,-5.68,0.0,
Mulheres,0.5,-0.05062,-0.05221,-0.04903,-4.94,0.0,
Mulheres,0.75,-0.06085,-0.0626,-0.05909,-5.9,0.0,
Mulheres,0.9,-0.08027,-0.08291,-0.07762,-7.71,0.0,
Mulheres,0.95,-0.0945,-0.09805,-0.09094,-9.02,0.0,
