quantil,cor,beta,se,gap_pct,N
0.1,pardo,-0.04259569748417735,0.0009393022422049207,-4.170124564712896,7699278
0.1,preto,-0.04835584167832201,0.0014702361114099082,-4.720531731163868,7699278
0.25,pardo,-0.04241360800842592,0.000624979984358617,-4.152673364141801,7699278
0.25,preto,-0.047984928895238116,0.0009729782203875105,-4.6851848035091015,7699278
0.5,pardo,-0.048479246292341294,0.0005376731425321791,-4.732288931708228,7699278
0.5,preto,-0.05960133973111359,0.0008335960248808559,-5.785994746629564,7699278
0.75,pardo,-0.06437081145342695,0.0006538216973895922,-6.234275898606301,7699278
0.75,preto,-0.07970785374847583,0.001011625303718924,-7.661392923548216,7699278
0.9,pardo,-0.0838324223682767,0.0009511890787819118,-8.041465488187038,7699278
0.9,preto,-0.10544286915707457,0.001464920666417445,-10.007411509746278,7699278
0.95,pardo,-0.09935426184631924,0.0012695276615093429,-9.457810523118294,7699278
0.95,preto,-0.12383983770491036,0.001949081503948309,-11.647866364367998,7699278
