cor,quantil,gap_obs,gap_rif,pct_dotacao,pct_retornos
pardo,q10,0.5904116630554199,0.577917318691596,73.1237162048494,26.876283795150584
pardo,q25,0.25017881393432617,0.13473101726376235,77.62457150554891,22.375428494449885
pardo,q50,0.383364200592041,0.4350776720160887,80.18897496181634,19.811025038183594
pardo,q75,0.45035886764526367,0.4954558089179226,84.24136536242521,15.758634637574668
pardo,q90,0.5627985000610352,0.577797116214235,92.62956278615107,7.370437213849207
preto,q10,0.47432947158813477,0.6143694718194066,78.76085458387982,21.239145416120408
preto,q25,0.12166118621826172,0.1426410441230086,79.15065226862853,20.849347731372422
preto,q50,0.33902740478515625,0.33246014929955425,75.22107465948424,24.778925340515418
preto,q75,0.43897294998168945,0.467192127848822,79.8781233924337,20.12187660756608
preto,q90,0.5716657638549805,0.4567663604799943,88.1106316991605,11.889368300839314
