Ano,β_negro,SE,Gap (%),IC95 lo,IC95 hi,N obs,ICC_UPA
2016,-0.0708866780058871,0.001496076565104,-6.843254677226762,-0.07381898807349095,-0.06795436793828326,884142,0.1019067998252219
2017,-0.0661583229239312,0.0015273569624284,-6.401733495201967,-0.06915194257029086,-0.06316470327757154,865002,0.0987576726244137
2018,-0.0629126149385506,0.0015561774724355,-6.097447309266036,-0.06596272278452418,-0.059862507092577025,851202,0.0907019537242268
2019,-0.0643912584896739,0.0015646369218151,-6.236193110165001,-0.0674579468564315,-0.06132457012291631,848371,0.0875400664844978
2020,-0.0550523134978585,0.0020071977488997,-5.356436470017534,-0.058986421085701915,-0.05111820591001509,558248,0.1072844880881101
2021,-0.0588001808707925,0.0018920510885344,-5.710484117588644,-0.06250860100431993,-0.05509176073726508,584933,0.1021206361544818
2022,-0.0634938286710715,0.0016487727382031,-6.152008904898388,-0.06672542323794958,-0.06026223410419343,756177,0.0843032629560533
2023,-0.0609473564072634,0.0016309925075892,-5.9127230604821275,-0.06414410172213823,-0.05775061109238856,757025,0.0868358732084922
2024,-0.0598713209997398,0.0016091820148467,-5.811427329975183,-0.06302531774883934,-0.056717324250640265,783978,0.0832211845496167
2025,-0.0604907800146211,0.0015816126211946,-5.8697552226797844,-0.0635907407521625,-0.05739081927707968,805002,0.0902763532476746
