"desfecho","modelo","termo","coef","se"
"ocp_qualif","M1","(Intercept)",-3.08847095959175,0.0395589432937928
"ocp_qualif","M1","negro",-0.369527217111902,0.00214662111310324
"ocp_qualif","M1","sexo_fem",0.614138153687784,0.00191271433743325
"ocp_qualif","M1","educ_medio_completo",-0.315386914401794,0.0171247797097371
"ocp_qualif","M1","educ_superior_completo",-0.146131817741517,0.01453596658257
"ocp_qualif","M1","educ_pos_graduacao",-0.190858655799785,0.0257667019071083
"ocp_qualif","M1","educ_missing",2.26044165989155,0.0140997742009263
"ocp_qualif","M1","idade_c",-0.00113521556677369,8.04739815457435e-05
"ocp_qualif","M1","idade_sq",-0.000391379994338638,5.067594902216e-06
"ocp_qualif","M1","horas_c",-0.00430163091353284,8.55328375665941e-05
"ocp_qualif","M1","UF12",0.195976157186386,0.0504382240076656
"ocp_qualif","M1","UF13",0.0870038663317344,0.0481056929403377
"ocp_qualif","M1","UF14",0.164534923905398,0.0600676476457453
"ocp_qualif","M1","UF15",-0.124262684854455,0.0451733309708423
"ocp_qualif","M1","UF16",0.23531105552506,0.0668286230702596
"ocp_qualif","M1","UF17",0.284873400649236,0.0530121559428888
"ocp_qualif","M1","UF21",-0.0726786026036815,0.0419100665025414
"ocp_qualif","M1","UF22",0.0594753555081997,0.0498980843523785
"ocp_qualif","M1","UF23",0.0312285393599579,0.0426463940417908
"ocp_qualif","M1","UF24",0.14735227099064,0.0501555268319119
"ocp_qualif","M1","UF25",0.127781274489082,0.0472681556952964
"ocp_qualif","M1","UF26",-0.0481188563041686,0.0442027543537263
"ocp_qualif","M1","UF27",0.0384777301624995,0.0446293161440802
"ocp_qualif","M1","UF28",-0.0476231918206036,0.0508683819472761
"ocp_qualif","M1","UF29",-0.157493649195293,0.042844584239917
"ocp_qualif","M1","UF31",0.135014823148023,0.0407302246954634
"ocp_qualif","M1","UF32",0.301688087849484,0.0441050620241676
"ocp_qualif","M1","UF33",0.514106321464574,0.040564530629572
"ocp_qualif","M1","UF35",0.398536961645617,0.0403548447357821
"ocp_qualif","M1","UF41",0.196330601319745,0.0421750635636547
"ocp_qualif","M1","UF42",0.330391011636174,0.0413734449471365
"ocp_qualif","M1","UF43",0.287079805587329,0.0420190064429437
"ocp_qualif","M1","UF50",0.197377683671947,0.0484739578314096
"ocp_qualif","M1","UF51",0.12476995038285,0.0471517134228146
"ocp_qualif","M1","UF52",0.179992796202656,0.0447823663593961
"ocp_qualif","M1","UF53",0.82401308579148,0.0524695000441127
"ocp_qualif","M2","(Intercept)",-2.75555266731424,0.0361165558871699
"ocp_qualif","M2","negro",-0.357606798147807,0.00215021211938212
"ocp_qualif","M2","sexo_fem",0.614908169172045,0.00191263877998553
"ocp_qualif","M2","educ_medio_completo",-0.316223571625817,0.0171246493265846
"ocp_qualif","M2","educ_superior_completo",-0.14396187960258,0.0145358945995558
"ocp_qualif","M2","educ_pos_graduacao",-0.187389193155283,0.0257660866662941
"ocp_qualif","M2","educ_missing",2.26161707119474,0.014099239499439
"ocp_qualif","M2","idade_c",-0.00121678502977598,8.04869307931671e-05
"ocp_qualif","M2","idade_sq",-0.000394323286226786,5.06759694691556e-06
"ocp_qualif","M2","horas_c",-0.00431726955793918,8.55011848878698e-05
"ocp_qualif","M2","UF12",0.471385093988867,0.0449764277465732
"ocp_qualif","M2","UF13",0.414163867401603,0.042910011805585
"ocp_qualif","M2","UF14",0.3416203713108,0.0533059034659557
"ocp_qualif","M2","UF15",0.139579661471399,0.0402956050952071
"ocp_qualif","M2","UF16",0.533836340305283,0.059490953339649
"ocp_qualif","M2","UF17",0.431862967531627,0.047119377287926
"ocp_qualif","M2","UF21",0.161380060791049,0.0376435192722533
"ocp_qualif","M2","UF22",0.282834703266066,0.0445243557747218
"ocp_qualif","M2","UF23",0.0251574612888964,0.0381722928680389
"ocp_qualif","M2","UF24",-0.125877906673873,0.0449371266592701
"ocp_qualif","M2","UF25",-0.0531954480715736,0.0422898396510996
"ocp_qualif","M2","UF26",-0.129924248311296,0.0397983247280875
"ocp_qualif","M2","UF27",0.0946422510802451,0.0399801384089097
"ocp_qualif","M2","UF28",0.0986547462126825,0.0454819221516617
"ocp_qualif","M2","UF29",0.0434699792271618,0.0387019285148864
"ocp_qualif","M2","UF31",-0.205668899667135,0.0364269719244501
"ocp_qualif","M2","UF32",-0.0264496098259618,0.0393946597342759
"ocp_qualif","M2","UF33",0.046993559698103,0.0367533786888811
"ocp_qualif","M2","UF35",-0.443124853082388,0.0372333323626195
"ocp_qualif","M2","UF41",-0.802713769743519,0.0390052942341078
"ocp_qualif","M2","UF42",-1.05732417598551,0.0397364012862878
"ocp_qualif","M2","UF43",-1.08802904178943,0.0403262124588774
"ocp_qualif","M2","UF50",-0.155276236213832,0.0432022339167602
"ocp_qualif","M2","UF51",0.0524565902896132,0.0418173908028378
"ocp_qualif","M2","UF52",-0.0685717014080367,0.0398771790321288
"ocp_qualif","M2","UF53",0.568436705026239,0.0467553850796402
"ocp_qualif","M2","pct_negro_upa_z",-0.638851630110501,0.00762661564451354
"ocp_qualif","M2","tx_desemprego_upa_z",0.0225829996491961,0.00456684495507166
"ocp_qualif","M2","media_educ_upa_z",-0.0722092234158424,0.00379662901187901
"ocp_qualif","M3","(Intercept)",-2.46674622278424,0.0372036196883475
"ocp_qualif","M3","negro",-0.369793054499972,0.00234440240925444
"ocp_qualif","M3","sexo_fem",0.657533401832097,0.00208309495047758
"ocp_qualif","M3","educ_medio_completo",-0.253567635387455,0.0178474662949871
"ocp_qualif","M3","educ_superior_completo",-0.168716922475104,0.0152181903622467
"ocp_qualif","M3","educ_pos_graduacao",-0.26384340989385,0.0267343514028817
"ocp_qualif","M3","educ_missing",1.85013697178767,0.0147957500138487
"ocp_qualif","M3","idade_c",-0.000925558977417144,9.12272170100467e-05
"ocp_qualif","M3","idade_sq",-0.000262019493895033,5.58347097209993e-06
"ocp_qualif","M3","horas_c",-0.0134382347214931,0.000101213230648691
"ocp_qualif","M3","UF12",0.358846023678032,0.0461226327916567
"ocp_qualif","M3","UF13",0.452186869920344,0.0439967620343422
"ocp_qualif","M3","UF14",0.205292873079248,0.0546310735799497
"ocp_qualif","M3","UF15",0.179116043995252,0.0412894315319718
"ocp_qualif","M3","UF16",0.4696581406874,0.0609708673661035
"ocp_qualif","M3","UF17",0.332383935303829,0.0482466549699299
"ocp_qualif","M3","UF21",0.133771121521426,0.0386042859897343
"ocp_qualif","M3","UF22",0.243293354472797,0.0456318183029313
"ocp_qualif","M3","UF23",0.0413290966427388,0.0391028035863592
"ocp_qualif","M3","UF24",-0.151955660757506,0.0460063457292207
"ocp_qualif","M3","UF25",-0.117255465072985,0.0433126902404755
"ocp_qualif","M3","UF26",-0.0906646033451978,0.040754493129884
"ocp_qualif","M3","UF27",-0.0145536358469003,0.0409600699022501
"ocp_qualif","M3","UF28",0.104817142688626,0.0465426997611522
"ocp_qualif","M3","UF29",0.0957759333743688,0.0396525368301843
"ocp_qualif","M3","UF31",-0.165660949395848,0.0373029169399858
"ocp_qualif","M3","UF32",0.0315484746485299,0.0403100978721003
"ocp_qualif","M3","UF33",0.179177582882897,0.0376293176084729
"ocp_qualif","M3","UF35",-0.306268039337521,0.03811217824005
"ocp_qualif","M3","UF41",-0.767865590208741,0.0399191470963609
"ocp_qualif","M3","UF42",-1.04476879159717,0.0406614430279083
"ocp_qualif","M3","UF43",-1.07399647892241,0.0412749593714952
"ocp_qualif","M3","UF50",-0.166541005546002,0.0441994427257635
"ocp_qualif","M3","UF51",0.126647485746462,0.042784753820558
"ocp_qualif","M3","UF52",0.0244619163414998,0.0407948380897338
"ocp_qualif","M3","UF53",0.614587154762385,0.0477661549479876
"ocp_qualif","M3","pct_negro_upa_z",-0.683706697261849,0.00781133072353872
"ocp_qualif","M3","tx_desemprego_upa_z",0.0199571960271818,0.00469092227791502
"ocp_qualif","M3","media_educ_upa_z",-0.049284928055925,0.00389759812007222
"ocp_qualif","M3","emprego_formal",0.191835473403963,0.00261806585026025
"ocp_qualif","M3","setor_publico",1.37658669431792,0.00298730131750927
"ocp_qualif","M3","conta_propria",-1.14179799860777,0.00337765615936747
"ocp_qualif","M3","trab_domestico",-8.60670512096594,0.149126632999372
"ocp_qualif","M4","(Intercept)",-2.46433650535275,0.0371980087686897
"ocp_qualif","M4","negro",-0.374444951974717,0.00241130786332235
"ocp_qualif","M4","sexo_fem",0.657674415019508,0.0020833084576387
"ocp_qualif","M4","educ_medio_completo",-0.254146799793651,0.0178486421130105
"ocp_qualif","M4","educ_superior_completo",-0.206655826295764,0.0159222380863268
"ocp_qualif","M4","educ_pos_graduacao",-0.298014902805025,0.0381832299063679
"ocp_qualif","M4","educ_missing",1.85010548911231,0.0147968853300504
"ocp_qualif","M4","idade_c",-0.000918659233424717,9.12361734201984e-05
"ocp_qualif","M4","idade_sq",-0.000261908399930611,5.58391698195743e-06
"ocp_qualif","M4","horas_c",-0.0134348873181197,0.000101218219058582
"ocp_qualif","M4","UF12",0.358841261734862,0.0461111668258583
"ocp_qualif","M4","UF13",0.452125432731366,0.0439858873256749
"ocp_qualif","M4","UF14",0.205700594441123,0.0546182719564874
"ocp_qualif","M4","UF15",0.178929399692915,0.0412793105123094
"ocp_qualif","M4","UF16",0.469620366890931,0.0609555973528499
"ocp_qualif","M4","UF17",0.332306585808946,0.0482348946811176
"ocp_qualif","M4","UF21",0.133574344342381,0.0385949905285204
"ocp_qualif","M4","UF22",0.24290465685074,0.0456203777649944
"ocp_qualif","M4","UF23",0.0412359363483447,0.0390936898443507
"ocp_qualif","M4","UF24",-0.152055623589691,0.0459959317223341
"ocp_qualif","M4","UF25",-0.117358883017984,0.0433026400106299
"ocp_qualif","M4","UF26",-0.0909228941280311,0.0407450468441449
"ocp_qualif","M4","UF27",-0.0148499691902292,0.0409502861281852
"ocp_qualif","M4","UF28",0.104559648263432,0.0465313576988563
"ocp_qualif","M4","UF29",0.0958009079164824,0.0396431433805291
"ocp_qualif","M4","UF31",-0.16585808768783,0.0372943772135127
"ocp_qualif","M4","UF32",0.0315523528213718,0.040300996858528
"ocp_qualif","M4","UF33",0.178856738509214,0.0376207488960321
"ocp_qualif","M4","UF35",-0.306660735570077,0.0381036962962808
"ocp_qualif","M4","UF41",-0.768102944784058,0.0399105597429835
"ocp_qualif","M4","UF42",-1.04464442189624,0.0406528006027436
"ocp_qualif","M4","UF43",-1.07374968235102,0.0412664445009196
"ocp_qualif","M4","UF50",-0.166779499323863,0.0441895551643523
"ocp_qualif","M4","UF51",0.126628937666112,0.0427749132715914
"ocp_qualif","M4","UF52",0.0243353584410245,0.040785481596021
"ocp_qualif","M4","UF53",0.614480054042364,0.0477550967983703
"ocp_qualif","M4","pct_negro_upa_z",-0.683862004785172,0.0078097872055609
"ocp_qualif","M4","tx_desemprego_upa_z",0.0199982135829429,0.00468979325604316
"ocp_qualif","M4","media_educ_upa_z",-0.0492100745031989,0.00389682149539688
"ocp_qualif","M4","emprego_formal",0.192030842677093,0.00261820732215907
"ocp_qualif","M4","setor_publico",1.37664425609846,0.00298724282506026
"ocp_qualif","M4","conta_propria",-1.14185142903386,0.00337784641065444
"ocp_qualif","M4","trab_domestico",-8.60655880196651,0.149126637482677
"ocp_qualif","M4","negro:educ_superior_completo",0.0671840579835499,0.00820862573066425
"ocp_qualif","M4","negro:educ_pos_graduacao",0.0579100213597015,0.0455894688331488
"y_top20","M1","(Intercept)",-1.50990445644106,0.0464386253900994
"y_top20","M1","negro",-0.385810971078158,0.00235540562489279
"y_top20","M1","sexo_fem",-0.583252663267009,0.00218944141240465
"y_top20","M1","educ_medio_completo",-0.092428262068577,0.0125845334753679
"y_top20","M1","educ_superior_completo",0.064930439932872,0.0114248449207549
"y_top20","M1","educ_pos_graduacao",-0.0393757295515192,0.0198424286545399
"y_top20","M1","educ_missing",1.42457135058586,0.0112200689541808
"y_top20","M1","idade_c",0.0385963597900549,9.1697651766712e-05
"y_top20","M1","idade_sq",-0.00177439850519751,5.98873976960298e-06
"y_top20","M1","horas_c",0.0341994126049158,9.92519906154329e-05
"y_top20","M1","UF12",-0.449472504505869,0.0622093746317191
"y_top20","M1","UF13",-0.929575771904379,0.0596949655757749
"y_top20","M1","UF14",-0.198928292391626,0.0739371167157
"y_top20","M1","UF15",-0.768115341818278,0.0555036594878834
"y_top20","M1","UF16",-0.235504459597003,0.0826807046345752
"y_top20","M1","UF17",-0.25081101080993,0.0653846943996004
"y_top20","M1","UF21",-1.29006326183212,0.0518687099788329
"y_top20","M1","UF22",-1.02349129731981,0.0621761336336054
"y_top20","M1","UF23",-1.2631263991039,0.0528848695333539
"y_top20","M1","UF24",-1.01386579660233,0.062428845944771
"y_top20","M1","UF25",-1.09940409196795,0.0587916066525088
"y_top20","M1","UF26",-1.30776631394247,0.0548431116272905
"y_top20","M1","UF27",-1.27969775335753,0.055559218896063
"y_top20","M1","UF28",-1.10858558460095,0.0634039692133006
"y_top20","M1","UF29",-1.22579424994932,0.0529130604564906
"y_top20","M1","UF31",-0.383559296106097,0.0498192521746064
"y_top20","M1","UF32",-0.18433141900508,0.0540517124692177
"y_top20","M1","UF33",-0.242549233484805,0.0497005658330362
"y_top20","M1","UF35",0.0727723892599636,0.0493664736304802
"y_top20","M1","UF41",0.101349323292259,0.0515849717037231
"y_top20","M1","UF42",0.396354321407652,0.0506085159596931
"y_top20","M1","UF43",0.16094702476535,0.0513518566790116
"y_top20","M1","UF50",0.200654691564683,0.0592854192677326
"y_top20","M1","UF51",0.357171832226201,0.0576700871237243
"y_top20","M1","UF52",-0.0474034693519599,0.0548453628315262
"y_top20","M1","UF53",0.693172904015119,0.0646985999448542
"y_top20","M2","(Intercept)",-1.4699937962982,0.04086697254701
"y_top20","M2","negro",-0.374312718916019,0.00235852776127298
"y_top20","M2","sexo_fem",-0.582544922976305,0.00218974483392101
"y_top20","M2","educ_medio_completo",-0.0932946265647314,0.0125794662677496
"y_top20","M2","educ_superior_completo",0.0665583219169542,0.0114203860965859
"y_top20","M2","educ_pos_graduacao",-0.0367829967789745,0.0198359077643251
"y_top20","M2","educ_missing",1.42741833563276,0.0112149305168413
"y_top20","M2","idade_c",0.038529782005855,9.16724212776581e-05
"y_top20","M2","idade_sq",-0.00177694773557268,5.98885210166132e-06
"y_top20","M2","horas_c",0.0341762516029005,9.91951644569601e-05
"y_top20","M2","UF12",0.116374013688144,0.0537875188266379
"y_top20","M2","UF13",-0.335119878725251,0.051617831541317
"y_top20","M2","UF14",0.158349776542351,0.0635286987153568
"y_top20","M2","UF15",-0.291015146454824,0.0479752051495691
"y_top20","M2","UF16",0.42118786743415,0.0713355999795257
"y_top20","M2","UF17",0.0686081517407206,0.0563204907774119
"y_top20","M2","UF21",-0.703157009601706,0.0452017429302054
"y_top20","M2","UF22",-0.478923543384076,0.0539179400811382
"y_top20","M2","UF23",-0.957598793161936,0.0459397102287897
"y_top20","M2","UF24",-0.904428322726592,0.0543815860624319
"y_top20","M2","UF25",-0.959171503227608,0.0510981309097986
"y_top20","M2","UF26",-0.9173109206871,0.0479709576746086
"y_top20","M2","UF27",-0.808524611258354,0.0483755828715073
"y_top20","M2","UF28",-0.566835711593433,0.0551238691945036
"y_top20","M2","UF29",-0.504237616855738,0.0463733174662722
"y_top20","M2","UF31",-0.564981781599566,0.0431578808971311
"y_top20","M2","UF32",-0.334602262695399,0.0467629960241992
"y_top20","M2","UF33",-0.347201569667893,0.0436778735039519
"y_top20","M2","UF35",-0.54112285506527,0.0441545663481621
"y_top20","M2","UF41",-0.847495933622591,0.0462139203539438
"y_top20","M2","UF42",-1.03124642487365,0.0471429227230913
"y_top20","M2","UF43",-1.18367854945158,0.0478273548950479
"y_top20","M2","UF50",-0.148449549750839,0.0511197762517405
"y_top20","M2","UF51",0.311171081824089,0.0494825225392747
"y_top20","M2","UF52",-0.140997647194424,0.0472891516220687
"y_top20","M2","UF53",0.774079423576729,0.0558556275785536
"y_top20","M2","pct_negro_upa_z",-0.671527169360538,0.009184510293756
"y_top20","M2","tx_desemprego_upa_z",-0.304095703058679,0.00569863479012891
"y_top20","M2","media_educ_upa_z",-0.00229567331574827,0.00459841077394709
"y_top20","M3","(Intercept)",-1.45994295956797,0.0418736928625143
"y_top20","M3","negro",-0.371236874303797,0.00243535678613001
"y_top20","M3","sexo_fem",-0.654696259082096,0.00233293523675316
"y_top20","M3","educ_medio_completo",-0.0803407568579065,0.012849183099669
"y_top20","M3","educ_superior_completo",0.0554487160074569,0.0116801583776071
"y_top20","M3","educ_pos_graduacao",-0.0756180831526599,0.0202719029877471
"y_top20","M3","educ_missing",1.14082948430686,0.0114895154031454
"y_top20","M3","idade_c",0.0357736704004589,9.57744789592106e-05
"y_top20","M3","idade_sq",-0.00166339348761922,6.17098921700102e-06
"y_top20","M3","horas_c",0.0380884105281135,0.000105931539569458
"y_top20","M3","UF12",0.0175088802596885,0.0550395224683222
"y_top20","M3","UF13",-0.358969563577555,0.0527891937199516
"y_top20","M3","UF14",0.0567612036014262,0.0650080407299414
"y_top20","M3","UF15",-0.300585612929374,0.0490636146630457
"y_top20","M3","UF16",0.306469687967157,0.0730310215487485
"y_top20","M3","UF17",-0.0370114085183212,0.0576261662400916
"y_top20","M3","UF21",-0.773308721797569,0.0462330119328786
"y_top20","M3","UF22",-0.570443105647107,0.055170508089617
"y_top20","M3","UF23",-0.968997125504345,0.0469811119927456
"y_top20","M3","UF24",-0.932916410115025,0.0556295873100607
"y_top20","M3","UF25",-1.03328003594333,0.0522758646734503
"y_top20","M3","UF26",-0.890128985208458,0.0490559474908203
"y_top20","M3","UF27",-0.89838907644176,0.0494690503364334
"y_top20","M3","UF28",-0.576410898149196,0.0563878700766153
"y_top20","M3","UF29",-0.483431098417344,0.0474276203693979
"y_top20","M3","UF31",-0.492011846871598,0.0441352854920736
"y_top20","M3","UF32",-0.241554620613611,0.0478214264113483
"y_top20","M3","UF33",-0.220020253308713,0.0446751703381867
"y_top20","M3","UF35",-0.341293451100024,0.0451604665654349
"y_top20","M3","UF41",-0.715630055829989,0.0472594990629132
"y_top20","M3","UF42",-0.885033421159687,0.048210138817752
"y_top20","M3","UF43",-1.06212106488237,0.0489089774193428
"y_top20","M3","UF50",-0.0932062207296165,0.0522802624879971
"y_top20","M3","UF51",0.411302475352629,0.0506029319287009
"y_top20","M3","UF52",-0.0334878216960706,0.0483610175349225
"y_top20","M3","UF53",0.893283696899028,0.0571422041404325
"y_top20","M3","pct_negro_upa_z",-0.672671110851447,0.00939033415422224
"y_top20","M3","tx_desemprego_upa_z",-0.3154632548561,0.00582563461334526
"y_top20","M3","media_educ_upa_z",0.0239117318454258,0.00470571445939794
"y_top20","M3","emprego_formal",-0.0176008239353444,0.00285745369736396
"y_top20","M3","setor_publico",1.34007445044016,0.00308141381827007
"y_top20","M3","conta_propria",-0.201504013243605,0.00332880510543106
"y_top20","M3","trab_domestico",-1.84006912176711,0.0102472141565685
"y_top20","M4","(Intercept)",-1.45910378432885,0.0418740572038511
"y_top20","M4","negro",-0.373239909904363,0.00259856040167225
"y_top20","M4","sexo_fem",-0.654728283675942,0.00233306730620568
"y_top20","M4","educ_medio_completo",-0.0807103885097639,0.0128509210772049
"y_top20","M4","educ_superior_completo",0.0486309721886023,0.0120952878661907
"y_top20","M4","educ_pos_graduacao",-0.0843860340197415,0.0275141936275426
"y_top20","M4","educ_missing",1.14085324989333,0.0114900937591177
"y_top20","M4","idade_c",0.0357780532089781,9.57969576737192e-05
"y_top20","M4","idade_sq",-0.00166345773695704,6.17121225234515e-06
"y_top20","M4","horas_c",0.0380916602542498,0.000105942605977742
"y_top20","M4","UF12",0.0175923112668551,0.0550372858502682
"y_top20","M4","UF13",-0.358858731375248,0.0527870273385523
"y_top20","M4","UF14",0.0569496959518146,0.065005527101934
"y_top20","M4","UF15",-0.300667986339697,0.0490616135063147
"y_top20","M4","UF16",0.306572285122788,0.073027991508103
"y_top20","M4","UF17",-0.0369334591392938,0.0576238700989902
"y_top20","M4","UF21",-0.77325672133443,0.0462311549371481
"y_top20","M4","UF22",-0.570474762568068,0.0551681961272428
"y_top20","M4","UF23",-0.968956097325554,0.0469792938552764
"y_top20","M4","UF24",-0.932876380442767,0.0556275284699377
"y_top20","M4","UF25",-1.0332637025741,0.0522738357668464
"y_top20","M4","UF26",-0.890132811377944,0.0490540241515603
"y_top20","M4","UF27",-0.898387114522767,0.0494670636218459
"y_top20","M4","UF28",-0.576421374554552,0.0563854941569655
"y_top20","M4","UF29",-0.483341855900924,0.047425733047935
"y_top20","M4","UF31",-0.492040376463627,0.0441335593719775
"y_top20","M4","UF32",-0.241480716044082,0.047819600832644
"y_top20","M4","UF33",-0.220079217933952,0.0446734574194333
"y_top20","M4","UF35",-0.3413830692329,0.045158760055968
"y_top20","M4","UF41",-0.715620775268357,0.0472577453526864
"y_top20","M4","UF42",-0.884872035474651,0.0482084033774695
"y_top20","M4","UF43",-1.06188748920198,0.0489072988992373
"y_top20","M4","UF50",-0.093290830844585,0.0522782711848
"y_top20","M4","UF51",0.411280096619035,0.050600959513897
"y_top20","M4","UF52",-0.0334950441815929,0.0483591498333999
"y_top20","M4","UF53",0.893329769799948,0.0571400094098709
"y_top20","M4","pct_negro_upa_z",-0.672744832839329,0.0093900661218924
"y_top20","M4","tx_desemprego_upa_z",-0.3154461565188,0.00582540531798047
"y_top20","M4","media_educ_upa_z",0.0239212278127218,0.00470556109311955
"y_top20","M4","emprego_formal",-0.0175612727337033,0.00285753582824834
"y_top20","M4","setor_publico",1.34018924856243,0.00308194186740694
"y_top20","M4","conta_propria",-0.201436744499781,0.00332893633585628
"y_top20","M4","trab_domestico",-1.83994991017768,0.0102472962330444
"y_top20","M4","negro:educ_superior_completo",0.0132042196305025,0.00607333731969974
"y_top20","M4","negro:educ_pos_graduacao",0.0161425905340579,0.0338628960293256
"y_top10","M1","(Intercept)",-2.92344141180888,0.0571722581273944
"y_top10","M1","negro",-0.441783217995461,0.00319688906388527
"y_top10","M1","sexo_fem",-0.58252820106911,0.00292560997895954
"y_top10","M1","educ_medio_completo",-0.0603994588497327,0.0200223987730513
"y_top10","M1","educ_superior_completo",-0.0290534496544046,0.0182265088442766
"y_top10","M1","educ_pos_graduacao",-0.196126691018665,0.0345455040142228
"y_top10","M1","educ_missing",1.55021894314408,0.0177265457891584
"y_top10","M1","idade_c",0.0443421726904485,0.000126347519374596
"y_top10","M1","idade_sq",-0.00177970118920848,8.22300972861404e-06
"y_top10","M1","horas_c",0.0329071393847951,0.00012675747676709
"y_top10","M1","UF12",-0.255300916954924,0.0754622456046379
"y_top10","M1","UF13",-0.852294127827757,0.0730036795916993
"y_top10","M1","UF14",-0.00490940294950843,0.0889998627842232
"y_top10","M1","UF15",-0.664364969963538,0.0675461018236434
"y_top10","M1","UF16",-0.0746041812989753,0.0999699356207032
"y_top10","M1","UF17",-0.218038183495665,0.0791892134274266
"y_top10","M1","UF21",-1.19134301445701,0.0634587093238232
"y_top10","M1","UF22",-0.885378704109461,0.0764273301889016
"y_top10","M1","UF23",-1.20958430921432,0.0647802707854131
"y_top10","M1","UF24",-0.85192709807898,0.0761733244844309
"y_top10","M1","UF25",-0.962174682571968,0.0720598145928963
"y_top10","M1","UF26",-1.19928010783817,0.0671496592761582
"y_top10","M1","UF27",-1.20260459012866,0.0683469577349668
"y_top10","M1","UF28",-0.945184746603312,0.0779549982966336
"y_top10","M1","UF29",-1.0836945390098,0.0645655939015574
"y_top10","M1","UF31",-0.38436676308554,0.0601858399582026
"y_top10","M1","UF32",-0.222449210863697,0.0653211430067323
"y_top10","M1","UF33",-0.272264741885563,0.0600207209125231
"y_top10","M1","UF35",-0.0379441464926056,0.0594947940570778
"y_top10","M1","UF41",0.0482039942678838,0.0621237310176947
"y_top10","M1","UF42",0.220905125011503,0.0608805252948024
"y_top10","M1","UF43",0.117402240209931,0.0618210742185844
"y_top10","M1","UF50",0.190597450404604,0.0712883025162338
"y_top10","M1","UF51",0.31358581003905,0.0692626282023005
"y_top10","M1","UF52",-0.071642080887508,0.0661342608130504
"y_top10","M1","UF53",0.936108571842145,0.0771732788685348
"y_top10","M2","(Intercept)",-2.82730488874629,0.0492900190454326
"y_top10","M2","negro",-0.424046900755698,0.0032015826664715
"y_top10","M2","sexo_fem",-0.581583986733026,0.00292562844843771
"y_top10","M2","educ_medio_completo",-0.0626596690125477,0.0200079046511005
"y_top10","M2","educ_superior_completo",-0.0256028121689027,0.0182139795842993
"y_top10","M2","educ_pos_graduacao",-0.190615793570944,0.034529806518831
"y_top10","M2","educ_missing",1.55607840974653,0.017712741934795
"y_top10","M2","idade_c",0.0442471123759409,0.00012627084234724
"y_top10","M2","idade_sq",-0.00178276505730476,8.22049735290954e-06
"y_top10","M2","horas_c",0.0328615681866977,0.000126624791967729
"y_top10","M2","UF12",0.435220218069453,0.0632737437026081
"y_top10","M2","UF13",-0.111785010790729,0.0612423843122571
"y_top10","M2","UF14",0.432305236711753,0.0739878374446608
"y_top10","M2","UF15",-0.0797414878484498,0.0566565202167375
"y_top10","M2","UF16",0.743891851080336,0.0834501156610322
"y_top10","M2","UF17",0.155265945672023,0.066151415600657
"y_top10","M2","UF21",-0.500834455168121,0.0537231914973265
"y_top10","M2","UF22",-0.235431819098866,0.0644208275238769
"y_top10","M2","UF23",-0.879506459971124,0.0546899090585164
"y_top10","M2","UF24",-0.781313740324158,0.0645541236957118
"y_top10","M2","UF25",-0.842178559859659,0.060915701428351
"y_top10","M2","UF26",-0.77701452216433,0.0571725970350604
"y_top10","M2","UF27",-0.674962392345279,0.0579298521444885
"y_top10","M2","UF28",-0.318760800675828,0.0659633205670057
"y_top10","M2","UF29",-0.255234342306089,0.0549564930867352
"y_top10","M2","UF31",-0.658641821207763,0.0506310697634026
"y_top10","M2","UF32",-0.466300910859778,0.0548800161236849
"y_top10","M2","UF33",-0.480623320426183,0.0513020056886763
"y_top10","M2","UF35",-0.864143375948713,0.0517498757972282
"y_top10","M2","UF41",-1.17075612590078,0.0540457107919537
"y_top10","M2","UF42",-1.5818014388761,0.055071099459967
"y_top10","M2","UF43",-1.59688405842369,0.0559770561726204
"y_top10","M2","UF50",-0.253995531565394,0.0595670653540029
"y_top10","M2","UF51",0.245585282019443,0.0575362404035323
"y_top10","M2","UF52",-0.228225079547306,0.0552757322938677
"y_top10","M2","UF53",0.982225642695446,0.0644319463660521
"y_top10","M2","pct_negro_upa_z",-0.840103649126677,0.0109354349545745
"y_top10","M2","tx_desemprego_upa_z",-0.347511392261484,0.00710903830974244
"y_top10","M2","media_educ_upa_z",-0.0345591237517718,0.00545463630684216
"y_top10","M3","(Intercept)",-2.65008089510509,0.0498836672438548
"y_top10","M3","negro",-0.422283698805309,0.00330417168373276
"y_top10","M3","sexo_fem",-0.682510117060047,0.00309379095299437
"y_top10","M3","educ_medio_completo",-0.0418612941306706,0.0203099221231755
"y_top10","M3","educ_superior_completo",-0.0315038578265614,0.0185085481820497
"y_top10","M3","educ_pos_graduacao",-0.225957892763694,0.0349914162721438
"y_top10","M3","educ_missing",1.24846467362122,0.018028727104272
"y_top10","M3","idade_c",0.0409968385892666,0.00013068621179329
"y_top10","M3","idade_sq",-0.00164800140840004,8.46771529056115e-06
"y_top10","M3","horas_c",0.0374460148081273,0.000134524586509858
"y_top10","M3","UF12",0.323410236045219,0.0638892650270381
"y_top10","M3","UF13",-0.136833493260252,0.0618175099530514
"y_top10","M3","UF14",0.308672179340157,0.0746790118329419
"y_top10","M3","UF15",-0.103600979837781,0.0571706968623958
"y_top10","M3","UF16",0.606003979787751,0.0843064899167994
"y_top10","M3","UF17",0.0156172555561,0.0667608739142925
"y_top10","M3","UF21",-0.578646106813233,0.0542175410070703
"y_top10","M3","UF22",-0.34377671727662,0.065050697326784
"y_top10","M3","UF23",-0.885286065020157,0.0551757741752334
"y_top10","M3","UF24",-0.805572266303171,0.0651790109125449
"y_top10","M3","UF25",-0.931308659480968,0.0615269290977128
"y_top10","M3","UF26",-0.738712136235967,0.0576955158945844
"y_top10","M3","UF27",-0.762956338159453,0.058456012787175
"y_top10","M3","UF28",-0.333246845079653,0.0666210859039024
"y_top10","M3","UF29",-0.231649737974219,0.0554604822931197
"y_top10","M3","UF31",-0.567163077793294,0.0510702959930688
"y_top10","M3","UF32",-0.365387057168691,0.0553662408611032
"y_top10","M3","UF33",-0.329710796394109,0.0517705471987458
"y_top10","M3","UF35",-0.628843003234503,0.0522136950007311
"y_top10","M3","UF41",-0.999316691224887,0.0545161520047187
"y_top10","M3","UF42",-1.38503182774042,0.0555525725174986
"y_top10","M3","UF43",-1.43715302808823,0.0564666583537403
"y_top10","M3","UF50",-0.19203824657452,0.0600854841688657
"y_top10","M3","UF51",0.35164448080629,0.0580327905280179
"y_top10","M3","UF52",-0.115062010715621,0.0557624281069262
"y_top10","M3","UF53",1.10357140807704,0.0650160038240364
"y_top10","M3","pct_negro_upa_z",-0.834998988244267,0.0110319572791491
"y_top10","M3","tx_desemprego_upa_z",-0.353804939417009,0.00718094579515948
"y_top10","M3","media_educ_upa_z",-0.00694729776231558,0.0055111852516862
"y_top10","M3","emprego_formal",-0.279813976990384,0.00371194512585062
"y_top10","M3","setor_publico",1.31808487164902,0.00374940812651351
"y_top10","M3","conta_propria",-0.471498402566715,0.00444927200561319
"y_top10","M3","trab_domestico",-2.89038145450269,0.0276921033748961
"y_top10","M4","(Intercept)",-2.65321773446747,0.0498933105307878
"y_top10","M4","negro",-0.413346148496544,0.00343142458431324
"y_top10","M4","sexo_fem",-0.682360501725645,0.00309329201980943
"y_top10","M4","educ_medio_completo",-0.0396286580820079,0.0203075400432963
"y_top10","M4","educ_superior_completo",0.0136851506971641,0.0190806327605509
"y_top10","M4","educ_pos_graduacao",-0.193769220101316,0.0459641757758732
"y_top10","M4","educ_missing",1.24848573045788,0.0180258659715512
"y_top10","M4","idade_c",0.0409767614296203,0.000130692727634656
"y_top10","M4","idade_sq",-0.00164781394802012,8.46678121326315e-06
"y_top10","M4","horas_c",0.0374258952416531,0.000134539164249339
"y_top10","M4","UF12",0.322892734754874,0.063904484722475
"y_top10","M4","UF13",-0.137422404677825,0.0618329370665534
"y_top10","M4","UF14",0.307511711162837,0.074695686187285
"y_top10","M4","UF15",-0.102899411742404,0.0571847069245423
"y_top10","M4","UF16",0.605206330499137,0.0843276766582978
"y_top10","M4","UF17",0.0151432840177137,0.0667759662298975
"y_top10","M4","UF21",-0.578720755028503,0.0542302398057944
"y_top10","M4","UF22",-0.343516997379137,0.0650676691843725
"y_top10","M4","UF23",-0.885340407390891,0.0551878613832285
"y_top10","M4","UF24",-0.805750013742232,0.0651925430175058
"y_top10","M4","UF25",-0.93132044966167,0.0615408594285044
"y_top10","M4","UF26",-0.738534641657644,0.0577084774781935
"y_top10","M4","UF27",-0.76293664554492,0.0584696726034239
"y_top10","M4","UF28",-0.332895607144446,0.0666384189615446
"y_top10","M4","UF29",-0.231911631596207,0.0554734021962478
"y_top10","M4","UF31",-0.56691606569478,0.0510816574372492
"y_top10","M4","UF32",-0.365808368427622,0.0553781826879742
"y_top10","M4","UF33",-0.329345379116098,0.051781706984627
"y_top10","M4","UF35",-0.628213425488332,0.0522247938865469
"y_top10","M4","UF41",-0.999147126107103,0.0545273379396773
"y_top10","M4","UF42",-1.38548940769213,0.055564051108996
"y_top10","M4","UF43",-1.4381974333237,0.0564782112967069
"y_top10","M4","UF50",-0.191551022603855,0.0600985303801174
"y_top10","M4","UF51",0.351692785846749,0.0580454143501193
"y_top10","M4","UF52",-0.114971413587061,0.0557745648057079
"y_top10","M4","UF53",1.1032591617711,0.0650301110730307
"y_top10","M4","pct_negro_upa_z",-0.834108979545859,0.0110344697632758
"y_top10","M4","tx_desemprego_upa_z",-0.353911050518815,0.00718265873734172
"y_top10","M4","media_educ_upa_z",-0.00699292635507669,0.00551218213811536
"y_top10","M4","emprego_formal",-0.279977873005886,0.00371174904975681
"y_top10","M4","setor_publico",1.31754010635655,0.00374946937092976
"y_top10","M4","conta_propria",-0.471887412134869,0.00444948578738857
"y_top10","M4","trab_domestico",-2.89065520204971,0.0276925542865801
"y_top10","M4","negro:educ_superior_completo",-0.0977024518623345,0.0102030218407294
"y_top10","M4","negro:educ_pos_graduacao",-0.0649465218757341,0.0602955286279618
