Desfecho,Modelo,OR,IC 95% lo,IC 95% hi,E-value (OR),E-value (CI)
ocp_qualif,M1,0.691291069262706,0.688391067577496,0.694203287855092,2.2503050904920627,2.2370808621640648
ocp_qualif,M2,0.696839448776223,0.693915492306657,0.69977572594122,2.2251900009011685,2.2120333631782474
ocp_qualif,M3,0.687064829470648,0.683921422170357,0.690222684350931,2.2696636771820673,2.2551800443515346
ocp_qualif,M4,0.683784305155653,0.680566475999026,0.687017348732688,2.284829558604059,2.2698823066264495
y_top20,M1,0.666891575301995,0.663834663945847,0.669962563517257,2.3649353480247672,2.350114668705654
y_top20,M2,0.671731731140563,0.668653363526669,0.674824271041152,2.3416297468395064,2.3268899528334757
y_top20,M3,0.671910014485455,0.668689890343748,0.675145645365992,2.340776836180872,2.3253648595301297
y_top20,M4,0.670787849007602,0.667356594098517,0.674236745924506,2.3461518014467138,2.329681299016874
y_top10,M1,0.633705580783824,0.629767201899874,0.637668589131148,2.5330731939673274,2.512182243737882
y_top10,M2,0.640373532056212,0.636394413488473,0.644377530453567,2.498055529190463,2.4773379346790314
y_top10,M3,0.638898367477459,0.634760706265953,0.643062999861145,2.50574646509744,2.4841143835983117
y_top10,M4,0.644811224538706,0.640472917101962,0.649178917935282,2.47510759653108,2.4527930109991027
