modelo,variavel,coef,se_conv,se_cl_upa,p_cl_upa,se_cl_uf,p_cl_uf_t,razao_upa_conv,razao_uf_conv
M1_Individual_OLS,Intercept,4.357954612642516,0.004213456202636088,0.012461635974866759,0.0,0.07104233483398986,1.1629001177310122e-29,2.9575805171702787,16.86082195171348
M1_Individual_OLS,negro,-0.21228807365965618,0.0005794625744993006,0.002025005939332736,0.0,0.00911742124108794,6.116411615955053e-19,3.4946276575022885,15.734271102781886
M1_Individual_OLS,sexo_fem,-0.18440599214494924,0.0005438548595675525,0.0010613908121187112,0.0,0.010852473939375636,1.3460620371506938e-15,1.9516067447897378,19.954724589580767
M1_Individual_OLS,idade_c,0.012128539419683726,2.1748472006071976e-05,8.593017227468628e-05,0.0,0.0002947868451600771,3.3895065341925185e-25,3.9510900927060697,13.554370397965211
M1_Individual_OLS,idade_sq,-0.0005317106657712067,1.328180832155166e-06,3.610370551753088e-06,0.0,1.2275836742831292e-05,9.073358094563164e-26,2.718282378683886,9.242594416087128
M1_Individual_OLS,educ_fund_completo,-0.2629938137034742,0.004141160609003575,0.006781046010216209,0.0,0.01982855998555447,4.419178864957064e-13,1.6374747686610083,4.788164927108567
M1_Individual_OLS,educ_medio_completo,-0.06838343412562153,0.0029107946905129233,0.004784200800864668,2.3989468414803807e-46,0.016558793940562148,0.0003330727793243421,1.6436064063390277,5.688753657044858
M1_Individual_OLS,educ_superior_completo,0.07354548122998494,0.0027298541162360064,0.0045723058579204496,3.251194698823436e-58,0.013411754349271231,9.421394626750902e-06,1.6749268141203324,4.91299306783606
M1_Individual_OLS,educ_pos_graduacao,-0.0019974193032794574,0.003962968172565211,0.005929290257027813,0.73621244821795,0.010640918021858533,0.8525603386342061,1.496174079336552,2.6850879337167917
M1_Individual_OLS,educ_missing,0.5838181255863901,0.0027112344082787865,0.005302577158765409,0.0,0.02167492960763414,1.6029403951975217e-20,1.9557796782800951,7.994487507774866
M1_Individual_OLS,log_horas,0.7116149659230757,0.0006592303831202024,0.0015747795713382314,0.0,0.012329688128438283,5.610295839987644e-29,2.388815217958621,18.703155139908226
M1_Individual_OLS,urbano,0.29619251271163805,0.0006677609245494582,0.003430725633277119,0.0,0.021888043107461695,2.7955004416343095e-13,5.137655569756268,32.77826285242682
M2_Localidade_OLS,Intercept,4.432755192217809,0.004124920196421113,0.011871232255086036,0.0,0.06403877792774992,5.122368690804905e-31,2.8779301634455434,15.524852573708365
M2_Localidade_OLS,negro,-0.10371447430498668,0.000590546817389701,0.001075121388112403,0.0,0.003535716711545978,1.8683000923955537e-21,1.8205523363322638,5.987191205558159
M2_Localidade_OLS,sexo_fem,-0.18519905785636448,0.0005300030717009715,0.0010420236789639831,0.0,0.010635851906471214,7.489508603302033e-16,1.9660710184560863,20.06752880193113
M2_Localidade_OLS,idade_c,0.010629683091982332,2.1347624062777865e-05,6.818077535403746e-05,0.0,0.000211977687091252,2.103507439906139e-27,3.193834365526363,9.929802326848188
M2_Localidade_OLS,idade_sq,-0.0005438463627556166,1.2944814728767036e-06,3.3318040333904184e-06,0.0,1.1617303851847667e-05,1.2333275720756045e-26,2.573852235973844,8.974484452087781
M2_Localidade_OLS,educ_fund_completo,-0.2537775610026616,0.004036555821271332,0.006723704795875182,0.0,0.01862838269640682,2.397723800607521e-13,1.6657034099326589,4.61492012528139
M2_Localidade_OLS,educ_medio_completo,-0.06516365831037177,0.0028366600969675425,0.004758294415035241,1.0913347569905215e-42,0.015408418249546316,0.0002566766010813034,1.6774284730560323,5.431887403788097
M2_Localidade_OLS,educ_superior_completo,0.07023483631582723,0.0026611902524618777,0.0044786217136904205,2.000612242107628e-55,0.012038352886687701,3.779118059228616e-06,1.6829393199329623,4.523672396421478
M2_Localidade_OLS,educ_pos_graduacao,0.003615595698877233,0.003862490375759708,0.005905796356781585,0.5403979176323845,0.010835818352384874,0.7413042143846621,1.5290125753698431,2.8053968549380763
M2_Localidade_OLS,educ_missing,0.5321591625667028,0.0026434750487049235,0.004822207735390533,0.0,0.02118948353839963,9.269400768001922e-20,1.824192642844502,8.015768315566534
M2_Localidade_OLS,log_horas,0.7036406709856745,0.0006428052903269606,0.0015327125963992723,0.0,0.012047728226802947,4.13049479312957e-29,2.3844119198515985,18.74242232927939
M2_Localidade_OLS,urbano,0.3070072520831646,0.0006801395710378383,0.0037753827690337246,0.0,0.015422899614074623,2.919874189150949e-17,5.550894154375982,22.67608042646382
M2_Localidade_OLS,pct_negro_upa_z,-0.2681397332226988,0.0005318900037088639,0.0038725236951781196,0.0,0.027587238977638318,3.819438443373282e-10,7.280685232237961,51.86643626553003
M2_Localidade_OLS,tx_desemprego_upa_z,-0.040131689994766795,0.0003531420256545922,0.0018556450864211274,1.004895922667555e-103,0.008748460785252666,9.992045729990609e-05,5.254670788562932,24.773207802261194
M2_Localidade_OLS,media_educ_upa_z,-0.004086473076539143,0.00027994083063516515,0.001970808020130842,0.03812564625954915,0.008754320094756823,0.6445345527809117,7.040087777332173,31.27203729050141
M3_Completo_OLS,Intercept,4.432755192217809,0.004124920196421113,0.011871232255086036,0.0,0.06403877792774992,5.122368690804905e-31,2.8779301634455434,15.524852573708365
M3_Completo_OLS,negro,-0.10371447430498668,0.000590546817389701,0.001075121388112403,0.0,0.003535716711545978,1.8683000923955537e-21,1.8205523363322638,5.987191205558159
M3_Completo_OLS,sexo_fem,-0.18519905785636448,0.0005300030717009715,0.0010420236789639831,0.0,0.010635851906471214,7.489508603302033e-16,1.9660710184560863,20.06752880193113
M3_Completo_OLS,idade_c,0.010629683091982332,2.1347624062777865e-05,6.818077535403746e-05,0.0,0.000211977687091252,2.103507439906139e-27,3.193834365526363,9.929802326848188
M3_Completo_OLS,idade_sq,-0.0005438463627556166,1.2944814728767036e-06,3.3318040333904184e-06,0.0,1.1617303851847667e-05,1.2333275720756045e-26,2.573852235973844,8.974484452087781
M3_Completo_OLS,educ_fund_completo,-0.2537775610026616,0.004036555821271332,0.006723704795875182,0.0,0.01862838269640682,2.397723800607521e-13,1.6657034099326589,4.61492012528139
M3_Completo_OLS,educ_medio_completo,-0.06516365831037177,0.0028366600969675425,0.004758294415035241,1.0913347569905215e-42,0.015408418249546316,0.0002566766010813034,1.6774284730560323,5.431887403788097
M3_Completo_OLS,educ_superior_completo,0.07023483631582723,0.0026611902524618777,0.0044786217136904205,2.000612242107628e-55,0.012038352886687701,3.779118059228616e-06,1.6829393199329623,4.523672396421478
M3_Completo_OLS,educ_pos_graduacao,0.003615595698877233,0.003862490375759708,0.005905796356781585,0.5403979176323845,0.010835818352384874,0.7413042143846621,1.5290125753698431,2.8053968549380763
M3_Completo_OLS,educ_missing,0.5321591625667028,0.0026434750487049235,0.004822207735390533,0.0,0.02118948353839963,9.269400768001922e-20,1.824192642844502,8.015768315566534
M3_Completo_OLS,log_horas,0.7036406709856745,0.0006428052903269606,0.0015327125963992723,0.0,0.012047728226802947,4.13049479312957e-29,2.3844119198515985,18.74242232927939
M3_Completo_OLS,urbano,0.3070072520831646,0.0006801395710378383,0.0037753827690337246,0.0,0.015422899614074623,2.919874189150949e-17,5.550894154375982,22.67608042646382
M3_Completo_OLS,pct_negro_upa_z,-0.2681397332226988,0.0005318900037088639,0.0038725236951781196,0.0,0.027587238977638318,3.819438443373282e-10,7.280685232237961,51.86643626553003
M3_Completo_OLS,tx_desemprego_upa_z,-0.040131689994766795,0.0003531420256545922,0.0018556450864211274,1.004895922667555e-103,0.008748460785252666,9.992045729990609e-05,5.254670788562932,24.773207802261194
M3_Completo_OLS,media_educ_upa_z,-0.004086473076539143,0.00027994083063516515,0.001970808020130842,0.03812564625954915,0.008754320094756823,0.6445345527809117,7.040087777332173,31.27203729050141
M4_Ocupacao_OLS,Intercept,4.632312680680332,0.0037324926326559775,0.010269378503293602,0.0,0.048698406179013234,1.3612866406771693e-34,2.751345954026998,13.04715399916551
M4_Ocupacao_OLS,negro,-0.06604266567720243,0.000523889799881933,0.0008893593671041135,0.0,0.0037656762236021987,6.303604557505992e-16,1.6976077169369304,7.187916665777526
M4_Ocupacao_OLS,sexo_fem,-0.22395398692052382,0.000514958214448261,0.0009608229687641143,0.0,0.0055801529814623295,6.403594359122239e-25,1.8658270551010898,10.836127718519926
M4_Ocupacao_OLS,idade_c,0.010289457450461646,1.924397798775836e-05,5.43572407013431e-05,0.0,0.00019450343878484177,5.302617395529281e-28,2.8246363998088797,10.107236607138656
M4_Ocupacao_OLS,idade_sq,-0.00040883430247331225,1.1562493803459274e-06,2.767984244773788e-06,0.0,1.4496299768011398e-05,5.038091778277035e-21,2.3939336027541573,12.537347058879622
M4_Ocupacao_OLS,educ_fund_completo,-0.22959062148926446,0.0035687503507443033,0.006165623895346586,1.706801689160305e-303,0.018342833737501077,1.63747907463262e-12,1.7276702737306002,5.139847827594741
M4_Ocupacao_OLS,educ_medio_completo,-0.03556980402302187,0.002507662711350365,0.004421391695926148,8.629197370612077e-16,0.016127776695394055,0.03646239798465808,1.7631524670019314,6.431397899883163
M4_Ocupacao_OLS,educ_superior_completo,0.06825842490354692,0.0023522799097417794,0.0040728929306266615,4.851122450438865e-63,0.010061085851653705,3.3594004081025204e-07,1.731466103910126,4.277163533976769
M4_Ocupacao_OLS,educ_pos_graduacao,-0.0030421574492717207,0.003413930730157991,0.005376555601709485,0.5715168119504913,0.009825602628852072,0.7593213454715286,1.5748871393944972,2.878090800746083
M4_Ocupacao_OLS,educ_missing,0.26476045671397197,0.0023448460322556103,0.0041395186433875845,0.0,0.00974149918347533,1.2784511912061703e-20,1.7653690632325227,4.154430205425707
M4_Ocupacao_OLS,log_horas,0.6199740365709002,0.0005889418480130365,0.0013720509012541643,0.0,0.009177998835898189,9.632427803785476e-31,2.3296882466124114,15.583879574635066
M4_Ocupacao_OLS,urbano,0.15823961721721447,0.0006590646865439213,0.0027835002471687884,0.0,0.007592030798163622,9.452967111020653e-18,4.223409786625384,11.519401590116411
M4_Ocupacao_OLS,pct_negro_upa_z,-0.18462529020535617,0.0004753392165123636,0.002701234164169633,0.0,0.01837060148643993,1.9105772409100244e-10,5.682750487092145,38.6473508776066
M4_Ocupacao_OLS,tx_desemprego_upa_z,-0.029896644896545754,0.0003142767314624351,0.0013736619398298264,5.069325462718031e-105,0.006737708614793077,0.00014844981902182723,4.370867462690338,21.43877653124448
M4_Ocupacao_OLS,media_educ_upa_z,0.009009948597065564,0.000247983808693522,0.0014168725377955668,2.030190490265565e-10,0.006918167372439683,0.20421232194204308,5.713568741686075,27.897657548238165
M4_Ocupacao_OLS,emprego_formal,0.19739156407700142,0.0005945622809098554,0.001474578675637225,0.0,0.020185002337948548,3.368555780430699e-10,2.480108010519412,33.94934893458016
M4_Ocupacao_OLS,conta_propria,-0.16308167017997655,0.0006744999568659183,0.0016942420496391037,0.0,0.01911615936696062,5.190462400397339e-09,2.5118490110977083,28.341231415023884
M4_Ocupacao_OLS,trab_domestico,-0.09782328610597002,0.001064159684709579,0.0019412707927966234,0.0,0.011408277331365296,4.700434945768063e-09,1.824228845247429,10.720456239120486
M4_Ocupacao_OLS,ocp_dirigente,0.8789324356705501,0.0013583645301261135,0.003337322288654256,0.0,0.025526375559190365,3.204076093620912e-23,2.4568679574873853,18.791992129550408
M4_Ocupacao_OLS,ocp_profissional,0.9803433377982254,0.0009864336341129263,0.002439576916235766,0.0,0.021715579225667938,3.134299874443382e-26,2.473128279359222,22.014232356539814
M4_Ocupacao_OLS,ocp_tecnico,0.5592356879382416,0.0010530618481122093,0.001984375881715059,0.0,0.01519416759960483,5.8554945122871446e-24,1.884386833757568,14.428561462788663
M4_Ocupacao_OLS,ocp_administrativo,0.30527519833224925,0.0010615338421689122,0.001719220088585579,0.0,0.014527761727739829,7.73769818289932e-18,1.6195622035684616,13.685632196197243
M4_Ocupacao_OLS,ocp_servicos,0.2059663706626429,0.0007810494179688064,0.0014109098470746462,0.0,0.012596287791546255,3.3670125862927156e-15,1.8064283957138743,16.127388999666763
M4_Ocupacao_OLS,ocp_agro,0.07774855850367324,0.0010656744637581675,0.004327859881704137,3.6848735168113456e-72,0.039783895559669845,0.06150379242856759,4.061146277674393,37.33212806786179
M4_Ocupacao_OLS,ocp_operario,0.20942042406782946,0.0008875674541587124,0.0015675426913955104,0.0,0.01092135605738173,7.271648822928895e-17,1.7661110533636204,12.304818080259174
M4_Ocupacao_OLS,ocp_operador,0.23656314932817146,0.000988742140246226,0.0018559279507708321,0.0,0.014423698450818053,3.132769293243156e-15,1.8770596247760323,14.587927290351079
M4_Ocupacao_OLS,ocp_ffaa,0.9920342678436,0.0024214318975682263,0.006371550613786832,0.0,0.03190261378373662,4.268371414056846e-22,2.6313152231064585,13.175102638969731
M3_Completo_WLS_V1028,Intercept,4.418074377266067,0.004712095469487204,0.01382255896567287,0.0,0.07179157660332867,1.0703752293577588e-29,2.933420822048225,15.235594666578653
M3_Completo_WLS_V1028,negro,-0.09946232729578706,0.0005639784382531118,0.001483760929294002,0.0,0.0028065452810514466,1.5371874415022733e-23,2.630882368286737,4.976334360839302
M3_Completo_WLS_V1028,sexo_fem,-0.19973185461933626,0.0005107532454155543,0.0012980263015577218,0.0,0.007739593795674263,4.6931485655756605e-20,2.5413960913780076,15.153293425237557
M3_Completo_WLS_V1028,idade_c,0.010228491017533087,2.1499845143804717e-05,9.525589430272853e-05,0.0,0.00020456754601733132,2.265999111699307e-27,4.4305386232131525,9.514838113905133
M3_Completo_WLS_V1028,idade_sq,-0.0005894236304360002,1.3220796337058763e-06,4.923773017847296e-06,0.0,1.1423247779239847e-05,1.0079456707147411e-27,3.72426357105709,8.640362870744578
M3_Completo_WLS_V1028,educ_fund_completo,-0.29118424009562266,0.004787950274540916,0.008922581281706391,1.328402329577622e-233,0.018970221561978404,1.5013861335538382e-14,1.8635492789368864,3.96207572640201
M3_Completo_WLS_V1028,educ_medio_completo,-0.09087520171690854,0.0030946894069695113,0.006005397247124457,9.923600915131236e-52,0.017462002054853577,1.9621856479964103e-05,1.9405492627466192,5.642570144689681
M3_Completo_WLS_V1028,educ_superior_completo,0.048520811720989696,0.0028658696281215726,0.005993457788708545,5.69691242167631e-16,0.01712993154254171,0.008802760152982377,2.0913225535095057,5.977219401208241
M3_Completo_WLS_V1028,educ_pos_graduacao,0.00045473675750953846,0.0041414586139567515,0.00793360450921129,0.9542920412153126,0.016126733226601582,0.9777198003584167,1.915654663908743,3.8939742563777773
M3_Completo_WLS_V1028,educ_missing,0.5102421396469204,0.0028449276145022587,0.006415381384191778,0.0,0.029334206101923832,7.684394415721973e-16,2.2550244693358206,10.31105535071973
M3_Completo_WLS_V1028,log_horas,0.7044472028504011,0.0006423460140019974,0.0019360714446780894,0.0,0.011301240647614948,7.688513181914613e-30,3.0140631411656416,17.59369623422277
M3_Completo_WLS_V1028,urbano,0.33688504024702015,0.0008694974801396388,0.005061129595131214,0.0,0.01848798157318354,2.506441771445585e-16,5.820752458441181,21.262835138078174
M3_Completo_WLS_V1028,pct_negro_upa_z,-0.26751425333491036,0.0004940482525995685,0.00493872251125365,0.0,0.027156902819287638,2.8972768117108333e-10,9.996437565090506,54.968118349562516
M3_Completo_WLS_V1028,tx_desemprego_upa_z,-0.0566804281868879,0.00035073599455872696,0.002425588845426314,9.108124107854093e-121,0.004909816951668407,9.83731688107093e-12,6.915711198897709,13.998611570636248
M3_Completo_WLS_V1028,media_educ_upa_z,-0.005439935231530524,0.00026534961670913353,0.0027641014172411485,0.049060393824723714,0.008021803766334358,0.5036718371999093,10.416828377299126,30.231073501521443
