modelo,variavel,coef,se,p,ci_lo,ci_hi
M0,Intercept,7.302198729793403,0.002928499051657162,0.0,7.296458977123396,7.307938482463411
M1,Intercept,4.257869779417949,0.005130955056601613,0.0,4.247813292300717,4.267926266535182
M1,negro,-0.11241026812697572,0.0005557813990635333,0.0,-0.11349957965241753,-0.1113209566015339
M1,sexo_fem,-0.1944326036806298,0.0005004092119976287,0.0,-0.19541338771367722,-0.1934518196475824
M1,idade_c,0.008746402310097838,2.0510264381636875e-05,0.0,0.008706202930596435,0.008786601689599242
M1,idade_sq,-0.0005385586801967212,1.228165848468194e-06,0.0,-0.000540965841026761,-0.0005361515193666814
M1,educ_fund_completo,-0.2006752154398488,0.00382113630037203,0.0,-0.2081645049685966,-0.19318592591110098
M1,educ_medio_completo,-0.05369335386499125,0.0026788809698211676,2.313898687595141e-89,-0.05894386408471047,-0.04844284364527203
M1,educ_superior_completo,0.05207607149546195,0.002511219201713885,1.594197697999267e-95,0.04715417230281731,0.056997970688106595
M1,educ_pos_graduacao,-0.003419169548056066,0.0036442104022618147,0.348117479854787,-0.010561690688575445,0.003723351592463314
M1,educ_missing,0.42280599203605196,0.0024978884622622035,0.0,0.4179102206126199,0.427701763459484
M1,log_horas,0.6822959838043555,0.0006129719433814532,0.0,0.6810945808717943,0.6834973867369167
M1,urbano,0.43480028971455725,0.004458368489420882,0.0,0.4260620480454841,0.4435385313836304
M2,Intercept,4.2904636293812235,0.004614437931672642,0.0,4.28141949722625,4.299507761536197
M2,negro,-0.10988184173736533,0.0005550483405898436,0.0,-0.11096971649460015,-0.10879396698013051
M2,sexo_fem,-0.19452993257685527,0.0005003495471922797,0.0,-0.19551059966903306,-0.1935492654846775
M2,idade_c,0.008748375638504412,2.050419441119892e-05,0.0,0.008708188155926454,0.008788563121082369
M2,idade_sq,-0.0005389603234659903,1.2279180315839869e-06,0.0,-0.0005413669985838622,-0.0005365536483481184
M2,educ_fund_completo,-0.20042388111393636,0.0038203624843031517,0.0,-0.20791165399105851,-0.1929361082368142
M2,educ_medio_completo,-0.05451483948276319,0.0026785401098133126,4.416880189211177e-92,-0.059764681629143245,-0.04926499733638314
M2,educ_superior_completo,0.052334528835879,0.0025110922000973414,1.8265016176341597e-96,0.04741287856182877,0.05725617910992924
M2,educ_pos_graduacao,-0.002891003351458875,0.003644183544063531,0.4275914612244147,-0.010033471850876928,0.004251465147959179
M2,educ_missing,0.4234635856985656,0.0024976657782665537,0.0,0.41856825072774495,0.4283589206693863
M2,log_horas,0.6818355210183353,0.0006127829858598615,0.0,0.6806344884357111,0.6830365536009596
M2,urbano,0.37689758634792353,0.0036068878881791383,0.0,0.36982821599081867,0.3839669567050284
M2,pct_negro_upa_z,-0.21818888665228023,0.0016975253226341957,0.0,-0.221515975147488,-0.21486179815707246
M2,tx_desemprego_upa_z,-0.05394975815688362,0.0015586223868422888,1.569474650929284e-262,-0.05700460190059236,-0.050894914413174876
M2,media_educ_upa_z,0.007492383739533114,0.0013188031175084803,1.3375327439616274e-08,0.004907577126517348,0.010077190352548879
M3,Intercept,4.554335771124553,0.01164223238052032,0.0,4.531517414959087,4.577154127290019
M3,negro,-0.1102301381618266,0.0005553857620296984,0.0,-0.11131867425293114,-0.10914160207072206
M3,sexo_fem,-0.19449062799786423,0.0005003212174446426,0.0,-0.19547123956475695,-0.19351001643097152
M3,idade_c,0.008747687629294187,2.0502746656015046e-05,0.0,0.008707502984264249,0.008787872274324125
M3,idade_sq,-0.0005392929734246287,1.227788414504281e-06,0.0,-0.0005416993944976926,-0.0005368865523515648
M3,educ_fund_completo,-0.1983724784288839,0.003820091488237517,0.0,-0.20585972016347745,-0.19088523669429033
M3,educ_medio_completo,-0.05470408319010217,0.002678351985251724,1.0122585184252203e-92,-0.0599535566191169,-0.04945460976108744
M3,educ_superior_completo,0.052209050876117616,0.002510867449003452,4.983784300134509e-96,0.04728784110611689,0.05713026064611834
M3,educ_pos_graduacao,-0.0031780236990490715,0.003643859254129018,0.38312178440540345,-0.01031985660187493,0.0039638092037767875
M3,educ_missing,0.42366806475180224,0.002497499068041451,0.0,0.41877305652701863,0.42856307297658586
M3,log_horas,0.6815264523690042,0.000612715078787316,0.0,0.6803255528817964,0.682727351856212
M3,urbano,0.3345700588172361,0.0032835213780353137,0.0,0.32813447517381955,0.3410056424606527
M3,pct_negro_upa_z,-0.24925770098551178,0.0024939539851727144,0.0,-0.2541457609755504,-0.24436964099547312
M3,tx_desemprego_upa_z,-0.03372610692070045,0.0014956997265119726,1.3824105709948144e-112,-0.03665762451635033,-0.030794589325050577
M3,media_educ_upa_z,-0.0034142030369980836,0.0012332176985292095,0.00563094029936593,-0.005831265311212709,-0.0009971407627834589
M4,Intercept,4.753417760781309,0.009305094372695643,0.0,4.735180110938079,4.771655410624539
M4,negro,-0.07428141439744951,0.0005019656633089916,0.0,-0.0752652490190109,-0.07329757977588812
M4,sexo_fem,-0.21898672101858907,0.0004957765051837844,0.0,-0.21995842511313043,-0.2180150169240477
M4,idade_c,0.009203219146497368,1.878868834088538e-05,0.0,0.009166393994032485,0.009240044298962252
M4,idade_sq,-0.000424265591465123,1.1168500545963842e-06,0.0,-0.0004264545773482635,-0.00042207660558198247
M4,educ_fund_completo,-0.18230642046103732,0.003439380115819183,0.0,-0.18904748161718612,-0.1755653593048885
M4,educ_medio_completo,-0.04382766412741407,0.002411211917512757,7.907002935715369e-74,-0.04855355264483283,-0.0391017756099953
M4,educ_superior_completo,0.05387669753287795,0.0022603301152723534,1.422702462861551e-125,0.04944653191377287,0.05830686315198303
M4,educ_pos_graduacao,-0.003994770441567236,0.0032800388901469972,0.2232606927063585,-0.010423528534146081,0.0024339876510116095
M4,educ_missing,0.2195710184218791,0.002254359307959017,0.0,0.21515255537006678,0.2239894814736914
M4,log_horas,0.597939486735788,0.0005707646631077134,0.0,0.5968208085524488,0.5990581649191272
M4,urbano,0.2026001896228875,0.0025992192412808463,0.0,0.1975058135220535,0.2076945657237215
M4,pct_negro_upa_z,-0.17985770638855322,0.001969276519486854,0.0,-0.18371741744234785,-0.1759979953347586
M4,tx_desemprego_upa_z,-0.027283543092145746,0.001184765919742194,2.4085178191197964e-117,-0.02960564162495092,-0.024961444559340573
M4,media_educ_upa_z,0.005380343103759999,0.0009770652748299618,3.6575481547881794e-08,0.003465330354548544,0.007295355852971454
M4,emprego_formal,0.17760955541231052,0.0005816249592186244,0.0,0.17646959143973243,0.17874951938488862
M4,conta_propria,-0.17248547450210783,0.0006560379778766841,0.0,-0.17377128531123662,-0.17119966369297904
M4,trab_domestico,-0.12721516640255598,0.0010326534156580398,0.0,-0.129239129905758,-0.12519120289935395
M4,ocp_dirigente,0.7777051667860985,0.0013200609706228363,0.0,0.7751178948262807,0.7802924387459163
M4,ocp_profissional,0.8720425889270201,0.0009729619691753263,0.0,0.8701356185091094,0.8739495593449309
M4,ocp_tecnico,0.5008833996726694,0.0010222649722007526,0.0,0.49887979714449904,0.5028870022008397
M4,ocp_administrativo,0.26394098412427075,0.001028827755454048,0.0,0.2619245187772856,0.2659574494712559
M4,ocp_servicos,0.18324786654358893,0.0007569766157721291,0.0,0.18176421963953654,0.18473151344764133
M4,ocp_agro,0.08922760733021666,0.0010757064122121891,0.0,0.08711926150434197,0.09133595315609135
M4,ocp_operario,0.1975908442085683,0.0008596025685473256,0.0,0.19590605413319742,0.19927563428393916
M4,ocp_operador,0.22940577937093715,0.0009596404112450699,0.0,0.2275249187267876,0.2312866400150867
M4,ocp_ffaa,0.9198631535393561,0.00236335491041046,0.0,0.9152310630322658,0.9244952440464465
M3_RS,Intercept,4.5550158841404045,0.011509879677834957,0.0,4.532456934505459,4.57757483377535
M3_RS,negro,-0.11252013378720618,0.0011331418872957129,0.0,-0.11474105107567953,-0.11029921649873284
M3_RS,sexo_fem,-0.1945714994126736,0.0004997412336315106,0.0,-0.19555097423218099,-0.1935920245931662
M3_RS,idade_c,0.00867126083890784,2.050651097632223e-05,0.0,0.008631068815945674,0.008711452861870007
M3_RS,idade_sq,-0.0005404834405557717,1.2271311637978215e-06,0.0,-0.0005428885734411221,-0.0005380783076704213
M3_RS,educ_fund_completo,-0.19749027364661387,0.0038127851721489222,0.0,-0.2049631952648141,-0.19001735202841363
M3_RS,educ_medio_completo,-0.053977653536648136,0.0026734894582242878,1.199539709723768e-90,-0.05921759658781524,-0.048737710485481034
M3_RS,educ_superior_completo,0.051717865703794684,0.00250631698756867,1.331292573151655e-94,0.04680557467431917,0.056630156733270196
M3_RS,educ_pos_graduacao,-0.0035262937094707406,0.0036366096837281464,0.3322134221921075,-0.010653917715407505,0.0036013302964660234
M3_RS,educ_missing,0.4207546676026355,0.002493074354827796,0.0,0.4158683316563926,0.42564100354887846
M3_RS,log_horas,0.6808291581106465,0.0006116121086538162,0.0,0.6796304204051764,0.6820278958161166
M3_RS,urbano,0.3333106650956993,0.003256765234254125,0.0,0.32692752253045904,0.33969380766093954
M3_RS,pct_negro_upa_z,-0.24300734906672208,0.0024950598698705692,0.0,-0.24789757655093958,-0.2381171215825046
M3_RS,tx_desemprego_upa_z,-0.03215872244507992,0.0014821404593459572,2.166885981344668e-104,-0.03506366436542765,-0.02925378052473219
M3_RS,media_educ_upa_z,-0.0019302419473578682,0.0012297291372902978,0.1164970123856457,-0.004340466767186363,0.0004799828724706271
