UF,coef,lo,hi
23,-0.4254727860646387,-0.4498738293319764,-0.40107174279730096
43,-0.41006854436456064,-0.4358950443830402,-0.38424204434608106
25,-0.4057820997217121,-0.4327343288525408,-0.37882987059088336
24,-0.396150348564516,-0.4249113553286036,-0.36738934180042837
26,-0.38759846043249896,-0.41298588011493453,-0.3622110407500634
42,-0.35572653333506943,-0.3811913932046603,-0.3302616734654786
21,-0.35536289043818947,-0.3793897417292165,-0.3313360391471624
22,-0.28583279265253286,-0.31423453032407683,-0.2574310549809889
41,-0.28551690896237303,-0.3104806759023484,-0.26055314202239765
27,-0.27836518675654515,-0.30385447661058707,-0.2528758969025032
29,-0.27384772976409405,-0.2985177719478512,-0.24917768758033693
28,-0.2509603810571788,-0.27981398796263446,-0.2221067741517232
13,-0.2173229546257666,-0.2447336987319572,-0.189912210519576
35,-0.19624774506016984,-0.22008596174841724,-0.17240952837192244
15,-0.1902683364684016,-0.21590302162161565,-0.16463365131518756
31,-0.17875808745577876,-0.2020236736550772,-0.15549250125648031
33,-0.15319790389345916,-0.1767545669996604,-0.12964124078725792
32,-0.12032423065618243,-0.14556534325097908,-0.09508311806138578
50,-0.051232468903518485,-0.07887657724311033,-0.023588360563926648
12,-0.04907018420329852,-0.07785857251013877,-0.020281795896458277
52,-0.04746981401598133,-0.07302570240992537,-0.02191392562203729
14,-0.044085822657265954,-0.07838047766929321,-0.009791167645238706
17,-0.029145764197524855,-0.05937621091190097,0.0010846825168512562
16,-0.00170899912152979,-0.04000318560522311,0.03658518736216353
51,0.0865531950021062,0.059754576031567475,0.11335181397264493
53,0.21358787070437998,0.18335649068767382,0.24381925072108615
