config,max_depth,learning_rate,n_estimators,fold,r2,mae,rmse,minutos
escolhida,10,0.05,300,1,0.6285489566268083,0.4214454640664744,0.5629205640680116,2.67
escolhida,10,0.05,300,2,0.6276680463722178,0.4217434690814859,0.563553560880799,2.67
escolhida,10,0.05,300,3,0.6275395273595115,0.42145355490603675,0.5632620344361462,2.64
escolhida,10,0.05,300,4,0.6285534462752455,0.4210498950843605,0.5625116777784295,2.67
escolhida,10,0.05,300,5,0.6272761142510388,0.42178696136026905,0.5635596663905031,2.69
atual_tcc,6,0.05,300,1,0.6148521881243161,0.43004392850053846,0.5732050927525831,1.83
atual_tcc,6,0.05,300,2,0.6137178164144828,0.4304795228543746,0.5740138648871129,1.86
atual_tcc,6,0.05,300,3,0.6138088805003049,0.4301050727383892,0.5735503193350271,1.83
atual_tcc,6,0.05,300,4,0.6147553134813348,0.42964070355670214,0.5728642292526058,1.84
atual_tcc,6,0.05,300,5,0.6136702624515851,0.43026344943411093,0.5737535165266459,1.84
