area,quantil,n,b_negro,gap_pct
Capital,0.1,2006205,-0.08872163643026354,-8.489973129865247
Capital,0.25,2006205,-0.0897184734174512,-8.581148258427762
Capital,0.5,2006205,-0.10646943496930433,-10.099747421890182
Capital,0.75,2006205,-0.11618670363304551,-10.969101614261746
Capital,0.9,2006205,-0.11522609166959408,-10.8835363772402
Capital,0.95,2006205,-0.1110870000828732,-10.513910742948829
Interior,0.1,4660647,-0.09387303855000931,-8.96016596030076
Interior,0.25,4660647,-0.0785496391039282,-7.554383038329515
Interior,0.5,4660647,-0.08399428911196812,-8.056349312092548
Interior,0.75,4660647,-0.10938312612236177,-10.361307754426097
Interior,0.9,4660647,-0.13948400550444792,-13.019306478370307
Interior,0.95,4660647,-0.16076773300028896,-14.851017887310213
RM (exceto capital),0.1,1027243,-0.07878457767772457,-7.576099528611701
RM (exceto capital),0.25,1027243,-0.06463826246754661,-6.2593502833726
RM (exceto capital),0.5,1027243,-0.07553311591142281,-7.275097667097031
RM (exceto capital),0.75,1027243,-0.09740353662158469,-9.281015206725085
RM (exceto capital),0.9,1027243,-0.11821634413350823,-11.149619076672401
RM (exceto capital),0.95,1027243,-0.12285761017284891,-11.561041832452334
